Date,Site ID,POC,Daily Mean PM10 Concentration,DAILY_AQI_VALUE,Site Name,DAILY_OBS_COUNT,PERCENT_COMPLETE,SITE_LATITUDE,SITE_LONGITUDE
01/04/2020,60370002,2,25,23,Azusa,1,100,34.1365,-117.92391
01/10/2020,60370002,2,20,19,Azusa,1,100,34.1365,-117.92391
01/16/2020,60370002,2,32,30,Azusa,1,100,34.1365,-117.92391
01/22/2020,60370002,2,21,19,Azusa,1,100,34.1365,-117.92391
01/28/2020,60370002,2,23,21,Azusa,1,100,34.1365,-117.92391
02/03/2020,60370002,2,25,23,Azusa,1,100,34.1365,-117.92391
02/09/2020,60370002,2,18,17,Azusa,1,100,34.1365,-117.92391
02/15/2020,60370002,2,32,30,Azusa,1,100,34.1365,-117.92391
02/21/2020,60370002,2,27,25,Azusa,1,100,34.1365,-117.92391
02/27/2020,60370002,2,19,18,Azusa,1,100,34.1365,-117.92391
03/04/2020,60370002,2,35,32,Azusa,1,100,34.1365,-117.92391
03/10/2020,60370002,2,5,5,Azusa,1,100,34.1365,-117.92391
03/18/2020,60370002,2,11,10,Azusa,1,100,34.1365,-117.92391
03/22/2020,60370002,2,7,6,Azusa,1,100,34.1365,-117.92391
07/02/2020,60370002,2,29,27,Azusa,1,100,34.1365,-117.92391
07/08/2020,60370002,2,50,46,Azusa,1,100,34.1365,-117.92391
07/14/2020,60370002,2,40,37,Azusa,1,100,34.1365,-117.92391
07/20/2020,60370002,2,66,56,Azusa,1,100,34.1365,-117.92391
07/26/2020,60370002,2,25,23,Azusa,1,100,34.1365,-117.92391
08/01/2020,60370002,2,43,40,Azusa,1,100,34.1365,-117.92391
08/07/2020,60370002,2,34,31,Azusa,1,100,34.1365,-117.92391
08/13/2020,60370002,2,52,48,Azusa,1,100,34.1365,-117.92391
08/19/2020,60370002,2,70,58,Azusa,1,100,34.1365,-117.92391
08/25/2020,60370002,2,47,44,Azusa,1,100,34.1365,-117.92391
08/31/2020,60370002,2,34,31,Azusa,1,100,34.1365,-117.92391
09/06/2020,60370002,2,43,40,Azusa,1,100,34.1365,-117.92391
09/12/2020,60370002,2,152,99,Azusa,1,100,34.1365,-117.92391
09/18/2020,60370002,2,95,71,Azusa,1,100,34.1365,-117.92391
09/24/2020,60370002,2,76,61,Azusa,1,100,34.1365,-117.92391
09/30/2020,60370002,2,64,55,Azusa,1,100,34.1365,-117.92391
10/06/2020,60370002,2,90,68,Azusa,1,100,34.1365,-117.92391
10/12/2020,60370002,2,43,40,Azusa,1,100,34.1365,-117.92391
10/18/2020,60370002,2,41,38,Azusa,1,100,34.1365,-117.92391
10/24/2020,60370002,2,26,24,Azusa,1,100,34.1365,-117.92391
10/30/2020,60370002,2,78,62,Azusa,1,100,34.1365,-117.92391
11/05/2020,60370002,2,36,33,Azusa,1,100,34.1365,-117.92391
11/11/2020,60370002,2,30,28,Azusa,1,100,34.1365,-117.92391
11/17/2020,60370002,2,45,42,Azusa,1,100,34.1365,-117.92391
11/23/2020,60370002,2,46,43,Azusa,1,100,34.1365,-117.92391
11/29/2020,60370002,2,16,15,Azusa,1,100,34.1365,-117.92391
12/05/2020,60370002,2,25,23,Azusa,1,100,34.1365,-117.92391
12/11/2020,60370002,2,39,36,Azusa,1,100,34.1365,-117.92391
12/17/2020,60370002,2,42,39,Azusa,1,100,34.1365,-117.92391
12/23/2020,60370002,2,47,44,Azusa,1,100,34.1365,-117.92391
12/29/2020,60370002,2,9,8,Azusa,1,100,34.1365,-117.92391
01/01/2020,60370016,3,12,11,Glendora,1,100,34.14435,-117.85036
01/02/2020,60370016,3,15,14,Glendora,1,100,34.14435,-117.85036
01/03/2020,60370016,3,14,13,Glendora,1,100,34.14435,-117.85036
01/04/2020,60370016,3,20,19,Glendora,1,100,34.14435,-117.85036
01/05/2020,60370016,3,15,14,Glendora,1,100,34.14435,-117.85036
01/06/2020,60370016,3,14,13,Glendora,1,100,34.14435,-117.85036
01/07/2020,60370016,3,20,19,Glendora,1,100,34.14435,-117.85036
01/08/2020,60370016,3,21,19,Glendora,1,100,34.14435,-117.85036
01/09/2020,60370016,3,18,17,Glendora,1,100,34.14435,-117.85036
01/10/2020,60370016,3,17,16,Glendora,1,100,34.14435,-117.85036
01/11/2020,60370016,3,17,16,Glendora,1,100,34.14435,-117.85036
01/12/2020,60370016,3,18,17,Glendora,1,100,34.14435,-117.85036
01/13/2020,60370016,3,25,23,Glendora,1,100,34.14435,-117.85036
01/14/2020,60370016,3,34,31,Glendora,1,100,34.14435,-117.85036
01/15/2020,60370016,3,42,39,Glendora,1,100,34.14435,-117.85036
01/16/2020,60370016,3,28,26,Glendora,1,100,34.14435,-117.85036
01/17/2020,60370016,3,6,6,Glendora,1,100,34.14435,-117.85036
01/18/2020,60370016,3,8,7,Glendora,1,100,34.14435,-117.85036
01/19/2020,60370016,3,7,6,Glendora,1,100,34.14435,-117.85036
01/20/2020,60370016,3,24,22,Glendora,1,100,34.14435,-117.85036
01/21/2020,60370016,3,15,14,Glendora,1,100,34.14435,-117.85036
01/22/2020,60370016,3,16,15,Glendora,1,100,34.14435,-117.85036
01/23/2020,60370016,3,13,12,Glendora,1,100,34.14435,-117.85036
01/24/2020,60370016,3,17,16,Glendora,1,100,34.14435,-117.85036
01/25/2020,60370016,3,23,21,Glendora,1,100,34.14435,-117.85036
01/26/2020,60370016,3,42,39,Glendora,1,100,34.14435,-117.85036
01/27/2020,60370016,3,27,25,Glendora,1,100,34.14435,-117.85036
01/28/2020,60370016,3,13,12,Glendora,1,100,34.14435,-117.85036
01/29/2020,60370016,3,30,28,Glendora,1,100,34.14435,-117.85036
01/30/2020,60370016,3,20,19,Glendora,1,100,34.14435,-117.85036
01/31/2020,60370016,3,14,13,Glendora,1,100,34.14435,-117.85036
02/01/2020,60370016,3,7,6,Glendora,1,100,34.14435,-117.85036
02/02/2020,60370016,3,13,12,Glendora,1,100,34.14435,-117.85036
02/03/2020,60370016,3,19,18,Glendora,1,100,34.14435,-117.85036
02/04/2020,60370016,3,18,17,Glendora,1,100,34.14435,-117.85036
02/05/2020,60370016,3,16,15,Glendora,1,100,34.14435,-117.85036
02/06/2020,60370016,3,22,20,Glendora,1,100,34.14435,-117.85036
02/07/2020,60370016,3,33,31,Glendora,1,100,34.14435,-117.85036
02/08/2020,60370016,3,35,32,Glendora,1,100,34.14435,-117.85036
02/09/2020,60370016,3,17,16,Glendora,1,100,34.14435,-117.85036
02/10/2020,60370016,3,11,10,Glendora,1,100,34.14435,-117.85036
02/11/2020,60370016,3,21,19,Glendora,1,100,34.14435,-117.85036
02/12/2020,60370016,3,26,24,Glendora,1,100,34.14435,-117.85036
02/13/2020,60370016,3,29,27,Glendora,1,100,34.14435,-117.85036
02/14/2020,60370016,3,31,29,Glendora,1,100,34.14435,-117.85036
02/15/2020,60370016,3,28,26,Glendora,1,100,34.14435,-117.85036
02/16/2020,60370016,3,30,28,Glendora,1,100,34.14435,-117.85036
02/17/2020,60370016,3,34,31,Glendora,1,100,34.14435,-117.85036
02/18/2020,60370016,3,36,33,Glendora,1,100,34.14435,-117.85036
02/19/2020,60370016,3,41,38,Glendora,1,100,34.14435,-117.85036
02/20/2020,60370016,3,21,19,Glendora,1,100,34.14435,-117.85036
02/21/2020,60370016,3,20,19,Glendora,1,100,34.14435,-117.85036
02/22/2020,60370016,3,10,9,Glendora,1,100,34.14435,-117.85036
02/23/2020,60370016,3,19,18,Glendora,1,100,34.14435,-117.85036
02/24/2020,60370016,3,29,27,Glendora,1,100,34.14435,-117.85036
02/25/2020,60370016,3,18,17,Glendora,1,100,34.14435,-117.85036
02/26/2020,60370016,3,16,15,Glendora,1,100,34.14435,-117.85036
02/27/2020,60370016,3,15,14,Glendora,1,100,34.14435,-117.85036
02/28/2020,60370016,3,11,10,Glendora,1,100,34.14435,-117.85036
02/29/2020,60370016,3,14,13,Glendora,1,100,34.14435,-117.85036
03/01/2020,60370016,3,16,15,Glendora,1,100,34.14435,-117.85036
03/02/2020,60370016,3,19,18,Glendora,1,100,34.14435,-117.85036
03/03/2020,60370016,3,12,11,Glendora,1,100,34.14435,-117.85036
03/04/2020,60370016,3,27,25,Glendora,1,100,34.14435,-117.85036
03/05/2020,60370016,3,34,31,Glendora,1,100,34.14435,-117.85036
03/06/2020,60370016,3,37,34,Glendora,1,100,34.14435,-117.85036
03/07/2020,60370016,3,12,11,Glendora,1,100,34.14435,-117.85036
03/08/2020,60370016,3,4,4,Glendora,1,100,34.14435,-117.85036
03/09/2020,60370016,3,13,12,Glendora,1,100,34.14435,-117.85036
03/10/2020,60370016,3,5,5,Glendora,1,100,34.14435,-117.85036
03/11/2020,60370016,3,8,7,Glendora,1,100,34.14435,-117.85036
03/12/2020,60370016,3,6,6,Glendora,1,100,34.14435,-117.85036
03/13/2020,60370016,3,5,5,Glendora,1,100,34.14435,-117.85036
03/14/2020,60370016,3,7,6,Glendora,1,100,34.14435,-117.85036
03/15/2020,60370016,3,7,6,Glendora,1,100,34.14435,-117.85036
03/16/2020,60370016,3,9,8,Glendora,1,100,34.14435,-117.85036
03/25/2020,60370016,3,10,9,Glendora,1,100,34.14435,-117.85036
03/26/2020,60370016,3,8,7,Glendora,1,100,34.14435,-117.85036
03/27/2020,60370016,3,10,9,Glendora,1,100,34.14435,-117.85036
03/28/2020,60370016,3,14,13,Glendora,1,100,34.14435,-117.85036
03/29/2020,60370016,3,17,16,Glendora,1,100,34.14435,-117.85036
03/30/2020,60370016,3,15,14,Glendora,1,100,34.14435,-117.85036
03/31/2020,60370016,3,21,19,Glendora,1,100,34.14435,-117.85036
04/01/2020,60370016,3,24,22,Glendora,1,100,34.14435,-117.85036
04/02/2020,60370016,3,21,19,Glendora,1,100,34.14435,-117.85036
04/03/2020,60370016,3,26,24,Glendora,1,100,34.14435,-117.85036
04/04/2020,60370016,3,22,20,Glendora,1,100,34.14435,-117.85036
04/05/2020,60370016,3,10,9,Glendora,1,100,34.14435,-117.85036
04/06/2020,60370016,3,2,2,Glendora,1,100,34.14435,-117.85036
04/07/2020,60370016,3,5,5,Glendora,1,100,34.14435,-117.85036
04/08/2020,60370016,3,5,5,Glendora,1,100,34.14435,-117.85036
04/09/2020,60370016,3,3,3,Glendora,1,100,34.14435,-117.85036
04/10/2020,60370016,3,4,4,Glendora,1,100,34.14435,-117.85036
04/11/2020,60370016,3,10,9,Glendora,1,100,34.14435,-117.85036
04/12/2020,60370016,3,6,6,Glendora,1,100,34.14435,-117.85036
04/13/2020,60370016,3,8,7,Glendora,1,100,34.14435,-117.85036
04/14/2020,60370016,3,13,12,Glendora,1,100,34.14435,-117.85036
04/16/2020,60370016,3,15,14,Glendora,1,100,34.14435,-117.85036
04/17/2020,60370016,3,13,12,Glendora,1,100,34.14435,-117.85036
04/18/2020,60370016,3,9,8,Glendora,1,100,34.14435,-117.85036
04/19/2020,60370016,3,13,12,Glendora,1,100,34.14435,-117.85036
04/20/2020,60370016,3,17,16,Glendora,1,100,34.14435,-117.85036
04/21/2020,60370016,3,23,21,Glendora,1,100,34.14435,-117.85036
04/22/2020,60370016,3,23,21,Glendora,1,100,34.14435,-117.85036
04/23/2020,60370016,3,23,21,Glendora,1,100,34.14435,-117.85036
04/24/2020,60370016,3,19,18,Glendora,1,100,34.14435,-117.85036
04/25/2020,60370016,3,22,20,Glendora,1,100,34.14435,-117.85036
04/26/2020,60370016,3,19,18,Glendora,1,100,34.14435,-117.85036
04/27/2020,60370016,3,26,24,Glendora,1,100,34.14435,-117.85036
04/28/2020,60370016,3,34,31,Glendora,1,100,34.14435,-117.85036
04/29/2020,60370016,3,36,33,Glendora,1,100,34.14435,-117.85036
04/30/2020,60370016,3,38,35,Glendora,1,100,34.14435,-117.85036
05/01/2020,60370016,3,32,30,Glendora,1,100,34.14435,-117.85036
05/02/2020,60370016,3,29,27,Glendora,1,100,34.14435,-117.85036
05/03/2020,60370016,3,25,23,Glendora,1,100,34.14435,-117.85036
05/04/2020,60370016,3,29,27,Glendora,1,100,34.14435,-117.85036
05/05/2020,60370016,3,27,25,Glendora,1,100,34.14435,-117.85036
05/06/2020,60370016,3,28,26,Glendora,1,100,34.14435,-117.85036
05/07/2020,60370016,3,32,30,Glendora,1,100,34.14435,-117.85036
05/08/2020,60370016,3,37,34,Glendora,1,100,34.14435,-117.85036
05/09/2020,60370016,3,37,34,Glendora,1,100,34.14435,-117.85036
05/10/2020,60370016,3,30,28,Glendora,1,100,34.14435,-117.85036
05/11/2020,60370016,3,24,22,Glendora,1,100,34.14435,-117.85036
05/12/2020,60370016,3,14,13,Glendora,1,100,34.14435,-117.85036
05/13/2020,60370016,3,13,12,Glendora,1,100,34.14435,-117.85036
05/14/2020,60370016,3,20,19,Glendora,1,100,34.14435,-117.85036
05/15/2020,60370016,3,25,23,Glendora,1,100,34.14435,-117.85036
05/16/2020,60370016,3,31,29,Glendora,1,100,34.14435,-117.85036
05/17/2020,60370016,3,24,22,Glendora,1,100,34.14435,-117.85036
05/18/2020,60370016,3,8,7,Glendora,1,100,34.14435,-117.85036
05/19/2020,60370016,3,12,11,Glendora,1,100,34.14435,-117.85036
05/20/2020,60370016,3,16,15,Glendora,1,100,34.14435,-117.85036
05/21/2020,60370016,3,18,17,Glendora,1,100,34.14435,-117.85036
05/22/2020,60370016,3,23,21,Glendora,1,100,34.14435,-117.85036
05/23/2020,60370016,3,26,24,Glendora,1,100,34.14435,-117.85036
05/24/2020,60370016,3,30,28,Glendora,1,100,34.14435,-117.85036
05/25/2020,60370016,3,33,31,Glendora,1,100,34.14435,-117.85036
05/26/2020,60370016,3,39,36,Glendora,1,100,34.14435,-117.85036
05/27/2020,60370016,3,38,35,Glendora,1,100,34.14435,-117.85036
05/28/2020,60370016,3,31,29,Glendora,1,100,34.14435,-117.85036
05/29/2020,60370016,3,17,16,Glendora,1,100,34.14435,-117.85036
05/30/2020,60370016,3,11,10,Glendora,1,100,34.14435,-117.85036
05/31/2020,60370016,3,13,12,Glendora,1,100,34.14435,-117.85036
06/01/2020,60370016,3,35,32,Glendora,1,100,34.14435,-117.85036
06/02/2020,60370016,3,34,31,Glendora,1,100,34.14435,-117.85036
06/03/2020,60370016,3,31,29,Glendora,1,100,34.14435,-117.85036
06/04/2020,60370016,3,31,29,Glendora,1,100,34.14435,-117.85036
06/05/2020,60370016,3,14,13,Glendora,1,100,34.14435,-117.85036
06/06/2020,60370016,3,15,14,Glendora,1,100,34.14435,-117.85036
06/07/2020,60370016,3,20,19,Glendora,1,100,34.14435,-117.85036
06/08/2020,60370016,3,15,14,Glendora,1,100,34.14435,-117.85036
06/09/2020,60370016,3,10,9,Glendora,1,100,34.14435,-117.85036
06/10/2020,60370016,3,16,15,Glendora,1,100,34.14435,-117.85036
06/11/2020,60370016,3,26,24,Glendora,1,100,34.14435,-117.85036
06/12/2020,60370016,3,26,24,Glendora,1,100,34.14435,-117.85036
06/13/2020,60370016,3,23,21,Glendora,1,100,34.14435,-117.85036
06/14/2020,60370016,3,22,20,Glendora,1,100,34.14435,-117.85036
06/15/2020,60370016,3,30,28,Glendora,1,100,34.14435,-117.85036
06/16/2020,60370016,3,28,26,Glendora,1,100,34.14435,-117.85036
06/17/2020,60370016,3,25,23,Glendora,1,100,34.14435,-117.85036
06/18/2020,60370016,3,24,22,Glendora,1,100,34.14435,-117.85036
06/19/2020,60370016,3,29,27,Glendora,1,100,34.14435,-117.85036
06/20/2020,60370016,3,26,24,Glendora,1,100,34.14435,-117.85036
06/21/2020,60370016,3,25,23,Glendora,1,100,34.14435,-117.85036
06/22/2020,60370016,3,31,29,Glendora,1,100,34.14435,-117.85036
06/23/2020,60370016,3,36,33,Glendora,1,100,34.14435,-117.85036
06/24/2020,60370016,3,31,29,Glendora,1,100,34.14435,-117.85036
06/25/2020,60370016,3,28,26,Glendora,1,100,34.14435,-117.85036
06/26/2020,60370016,3,27,25,Glendora,1,100,34.14435,-117.85036
06/27/2020,60370016,3,22,20,Glendora,1,100,34.14435,-117.85036
06/28/2020,60370016,3,7,6,Glendora,1,100,34.14435,-117.85036
06/29/2020,60370016,3,8,7,Glendora,1,100,34.14435,-117.85036
06/30/2020,60370016,3,26,24,Glendora,1,100,34.14435,-117.85036
07/01/2020,60370016,3,28,26,Glendora,1,100,34.14435,-117.85036
07/02/2020,60370016,3,25,23,Glendora,1,100,34.14435,-117.85036
07/03/2020,60370016,3,25,23,Glendora,1,100,34.14435,-117.85036
07/04/2020,60370016,3,50,46,Glendora,1,100,34.14435,-117.85036
07/05/2020,60370016,3,53,49,Glendora,1,100,34.14435,-117.85036
07/06/2020,60370016,3,32,30,Glendora,1,100,34.14435,-117.85036
07/07/2020,60370016,3,40,37,Glendora,1,100,34.14435,-117.85036
07/08/2020,60370016,3,36,33,Glendora,1,100,34.14435,-117.85036
07/09/2020,60370016,3,42,39,Glendora,1,100,34.14435,-117.85036
07/10/2020,60370016,3,42,39,Glendora,1,100,34.14435,-117.85036
07/11/2020,60370016,3,28,26,Glendora,1,100,34.14435,-117.85036
07/12/2020,60370016,3,23,21,Glendora,1,100,34.14435,-117.85036
07/13/2020,60370016,3,37,34,Glendora,1,100,34.14435,-117.85036
07/14/2020,60370016,3,37,34,Glendora,1,100,34.14435,-117.85036
07/15/2020,60370016,3,28,26,Glendora,1,100,34.14435,-117.85036
07/16/2020,60370016,3,32,30,Glendora,1,100,34.14435,-117.85036
07/17/2020,60370016,3,27,25,Glendora,1,100,34.14435,-117.85036
07/18/2020,60370016,3,22,20,Glendora,1,100,34.14435,-117.85036
07/19/2020,60370016,3,17,16,Glendora,1,100,34.14435,-117.85036
07/20/2020,60370016,3,27,25,Glendora,1,100,34.14435,-117.85036
07/21/2020,60370016,3,35,32,Glendora,1,100,34.14435,-117.85036
07/22/2020,60370016,3,30,28,Glendora,1,100,34.14435,-117.85036
07/23/2020,60370016,3,25,23,Glendora,1,100,34.14435,-117.85036
07/24/2020,60370016,3,24,22,Glendora,1,100,34.14435,-117.85036
07/25/2020,60370016,3,25,23,Glendora,1,100,34.14435,-117.85036
07/26/2020,60370016,3,25,23,Glendora,1,100,34.14435,-117.85036
07/27/2020,60370016,3,33,31,Glendora,1,100,34.14435,-117.85036
07/28/2020,60370016,3,35,32,Glendora,1,100,34.14435,-117.85036
07/29/2020,60370016,3,38,35,Glendora,1,100,34.14435,-117.85036
07/30/2020,60370016,3,39,36,Glendora,1,100,34.14435,-117.85036
07/31/2020,60370016,3,36,33,Glendora,1,100,34.14435,-117.85036
08/01/2020,60370016,3,25,23,Glendora,1,100,34.14435,-117.85036
08/02/2020,60370016,3,25,23,Glendora,1,100,34.14435,-117.85036
08/03/2020,60370016,3,39,36,Glendora,1,100,34.14435,-117.85036
08/04/2020,60370016,3,41,38,Glendora,1,100,34.14435,-117.85036
08/05/2020,60370016,3,34,31,Glendora,1,100,34.14435,-117.85036
08/06/2020,60370016,3,28,26,Glendora,1,100,34.14435,-117.85036
08/07/2020,60370016,3,30,28,Glendora,1,100,34.14435,-117.85036
08/08/2020,60370016,3,34,31,Glendora,1,100,34.14435,-117.85036
08/09/2020,60370016,3,26,24,Glendora,1,100,34.14435,-117.85036
08/10/2020,60370016,3,29,27,Glendora,1,100,34.14435,-117.85036
08/11/2020,60370016,3,30,28,Glendora,1,100,34.14435,-117.85036
08/12/2020,60370016,3,29,27,Glendora,1,100,34.14435,-117.85036
08/13/2020,60370016,3,39,36,Glendora,1,100,34.14435,-117.85036
08/14/2020,60370016,3,70,58,Glendora,1,100,34.14435,-117.85036
08/15/2020,60370016,3,42,39,Glendora,1,100,34.14435,-117.85036
08/16/2020,60370016,3,28,26,Glendora,1,100,34.14435,-117.85036
08/17/2020,60370016,3,44,41,Glendora,1,100,34.14435,-117.85036
08/18/2020,60370016,3,49,45,Glendora,1,100,34.14435,-117.85036
08/19/2020,60370016,3,45,42,Glendora,1,100,34.14435,-117.85036
08/20/2020,60370016,3,44,41,Glendora,1,100,34.14435,-117.85036
08/21/2020,60370016,3,44,41,Glendora,1,100,34.14435,-117.85036
08/22/2020,60370016,3,35,32,Glendora,1,100,34.14435,-117.85036
08/23/2020,60370016,3,30,28,Glendora,1,100,34.14435,-117.85036
08/24/2020,60370016,3,33,31,Glendora,1,100,34.14435,-117.85036
08/25/2020,60370016,3,27,25,Glendora,1,100,34.14435,-117.85036
08/26/2020,60370016,3,24,22,Glendora,1,100,34.14435,-117.85036
08/27/2020,60370016,3,29,27,Glendora,1,100,34.14435,-117.85036
08/28/2020,60370016,3,37,34,Glendora,1,100,34.14435,-117.85036
08/29/2020,60370016,3,27,25,Glendora,1,100,34.14435,-117.85036
08/30/2020,60370016,3,22,20,Glendora,1,100,34.14435,-117.85036
08/31/2020,60370016,3,29,27,Glendora,1,100,34.14435,-117.85036
09/01/2020,60370016,3,27,25,Glendora,1,100,34.14435,-117.85036
09/02/2020,60370016,3,30,28,Glendora,1,100,34.14435,-117.85036
09/03/2020,60370016,3,42,39,Glendora,1,100,34.14435,-117.85036
09/04/2020,60370016,3,52,48,Glendora,1,100,34.14435,-117.85036
09/05/2020,60370016,3,29,27,Glendora,1,100,34.14435,-117.85036
09/06/2020,60370016,3,25,23,Glendora,1,100,34.14435,-117.85036
09/07/2020,60370016,3,36,33,Glendora,1,100,34.14435,-117.85036
09/08/2020,60370016,3,38,35,Glendora,1,100,34.14435,-117.85036
09/09/2020,60370016,3,105,76,Glendora,1,100,34.14435,-117.85036
09/10/2020,60370016,3,116,81,Glendora,1,100,34.14435,-117.85036
09/11/2020,60370016,3,226,136,Glendora,1,100,34.14435,-117.85036
09/12/2020,60370016,3,131,89,Glendora,1,100,34.14435,-117.85036
09/13/2020,60370016,3,84,65,Glendora,1,100,34.14435,-117.85036
09/14/2020,60370016,3,82,64,Glendora,1,100,34.14435,-117.85036
09/15/2020,60370016,3,70,58,Glendora,1,100,34.14435,-117.85036
09/16/2020,60370016,3,84,65,Glendora,1,100,34.14435,-117.85036
09/17/2020,60370016,3,45,42,Glendora,1,100,34.14435,-117.85036
09/18/2020,60370016,3,34,31,Glendora,1,100,34.14435,-117.85036
09/19/2020,60370016,3,38,35,Glendora,1,100,34.14435,-117.85036
09/20/2020,60370016,3,18,17,Glendora,1,100,34.14435,-117.85036
09/21/2020,60370016,3,28,26,Glendora,1,100,34.14435,-117.85036
09/22/2020,60370016,3,27,25,Glendora,1,100,34.14435,-117.85036
09/23/2020,60370016,3,27,25,Glendora,1,100,34.14435,-117.85036
09/24/2020,60370016,3,35,32,Glendora,1,100,34.14435,-117.85036
09/25/2020,60370016,3,29,27,Glendora,1,100,34.14435,-117.85036
09/26/2020,60370016,3,27,25,Glendora,1,100,34.14435,-117.85036
09/27/2020,60370016,3,25,23,Glendora,1,100,34.14435,-117.85036
09/28/2020,60370016,3,39,36,Glendora,1,100,34.14435,-117.85036
09/29/2020,60370016,3,24,22,Glendora,1,100,34.14435,-117.85036
09/30/2020,60370016,3,31,29,Glendora,1,100,34.14435,-117.85036
10/01/2020,60370016,3,41,38,Glendora,1,100,34.14435,-117.85036
10/02/2020,60370016,3,38,35,Glendora,1,100,34.14435,-117.85036
10/03/2020,60370016,3,43,40,Glendora,1,100,34.14435,-117.85036
10/04/2020,60370016,3,49,45,Glendora,1,100,34.14435,-117.85036
10/05/2020,60370016,3,59,53,Glendora,1,100,34.14435,-117.85036
10/06/2020,60370016,3,57,52,Glendora,1,100,34.14435,-117.85036
10/07/2020,60370016,3,55,51,Glendora,1,100,34.14435,-117.85036
10/08/2020,60370016,3,42,39,Glendora,1,100,34.14435,-117.85036
10/09/2020,60370016,3,40,37,Glendora,1,100,34.14435,-117.85036
10/10/2020,60370016,3,32,30,Glendora,1,100,34.14435,-117.85036
10/11/2020,60370016,3,29,27,Glendora,1,100,34.14435,-117.85036
10/12/2020,60370016,3,25,23,Glendora,1,100,34.14435,-117.85036
10/13/2020,60370016,3,29,27,Glendora,1,100,34.14435,-117.85036
10/14/2020,60370016,3,36,33,Glendora,1,100,34.14435,-117.85036
10/15/2020,60370016,3,36,33,Glendora,1,100,34.14435,-117.85036
10/16/2020,60370016,3,35,32,Glendora,1,100,34.14435,-117.85036
10/17/2020,60370016,3,35,32,Glendora,1,100,34.14435,-117.85036
10/18/2020,60370016,3,38,35,Glendora,1,100,34.14435,-117.85036
10/19/2020,60370016,3,47,44,Glendora,1,100,34.14435,-117.85036
10/20/2020,60370016,3,55,51,Glendora,1,100,34.14435,-117.85036
10/21/2020,60370016,3,63,55,Glendora,1,100,34.14435,-117.85036
10/22/2020,60370016,3,38,35,Glendora,1,100,34.14435,-117.85036
10/23/2020,60370016,3,30,28,Glendora,1,100,34.14435,-117.85036
10/24/2020,60370016,3,26,24,Glendora,1,100,34.14435,-117.85036
10/25/2020,60370016,3,15,14,Glendora,1,100,34.14435,-117.85036
10/26/2020,60370016,3,169,108,Glendora,1,100,34.14435,-117.85036
10/27/2020,60370016,3,95,71,Glendora,1,100,34.14435,-117.85036
10/28/2020,60370016,3,51,47,Glendora,1,100,34.14435,-117.85036
10/29/2020,60370016,3,32,30,Glendora,1,100,34.14435,-117.85036
10/30/2020,60370016,3,33,31,Glendora,1,100,34.14435,-117.85036
10/31/2020,60370016,3,29,27,Glendora,1,100,34.14435,-117.85036
11/01/2020,60370016,3,22,20,Glendora,1,100,34.14435,-117.85036
11/02/2020,60370016,3,43,40,Glendora,1,100,34.14435,-117.85036
11/03/2020,60370016,3,45,42,Glendora,1,100,34.14435,-117.85036
11/04/2020,60370016,3,40,37,Glendora,1,100,34.14435,-117.85036
11/05/2020,60370016,3,28,26,Glendora,1,100,34.14435,-117.85036
11/06/2020,60370016,3,29,27,Glendora,1,100,34.14435,-117.85036
11/07/2020,60370016,3,15,14,Glendora,1,100,34.14435,-117.85036
11/08/2020,60370016,3,17,16,Glendora,1,100,34.14435,-117.85036
11/09/2020,60370016,3,15,14,Glendora,1,100,34.14435,-117.85036
11/10/2020,60370016,3,15,14,Glendora,1,100,34.14435,-117.85036
11/11/2020,60370016,3,20,19,Glendora,1,100,34.14435,-117.85036
11/12/2020,60370016,3,23,21,Glendora,1,100,34.14435,-117.85036
11/13/2020,60370016,3,30,28,Glendora,1,100,34.14435,-117.85036
11/14/2020,60370016,3,25,23,Glendora,1,100,34.14435,-117.85036
11/15/2020,60370016,3,10,9,Glendora,1,100,34.14435,-117.85036
11/16/2020,60370016,3,17,16,Glendora,1,100,34.14435,-117.85036
11/17/2020,60370016,3,20,19,Glendora,1,100,34.14435,-117.85036
11/18/2020,60370016,3,31,29,Glendora,1,100,34.14435,-117.85036
11/19/2020,60370016,3,24,22,Glendora,1,100,34.14435,-117.85036
11/20/2020,60370016,3,25,23,Glendora,1,100,34.14435,-117.85036
11/21/2020,60370016,3,22,20,Glendora,1,100,34.14435,-117.85036
11/22/2020,60370016,3,26,24,Glendora,1,100,34.14435,-117.85036
11/23/2020,60370016,3,31,29,Glendora,1,100,34.14435,-117.85036
11/24/2020,60370016,3,35,32,Glendora,1,100,34.14435,-117.85036
11/25/2020,60370016,3,37,34,Glendora,1,100,34.14435,-117.85036
11/26/2020,60370016,3,36,33,Glendora,1,100,34.14435,-117.85036
11/27/2020,60370016,3,37,34,Glendora,1,100,34.14435,-117.85036
11/28/2020,60370016,3,17,16,Glendora,1,100,34.14435,-117.85036
11/29/2020,60370016,3,11,10,Glendora,1,100,34.14435,-117.85036
11/30/2020,60370016,3,11,10,Glendora,1,100,34.14435,-117.85036
12/01/2020,60370016,3,17,16,Glendora,1,100,34.14435,-117.85036
12/02/2020,60370016,3,21,19,Glendora,1,100,34.14435,-117.85036
12/03/2020,60370016,3,31,29,Glendora,1,100,34.14435,-117.85036
12/04/2020,60370016,3,17,16,Glendora,1,100,34.14435,-117.85036
12/05/2020,60370016,3,16,15,Glendora,1,100,34.14435,-117.85036
12/06/2020,60370016,3,12,11,Glendora,1,100,34.14435,-117.85036
12/07/2020,60370016,3,31,29,Glendora,1,100,34.14435,-117.85036
12/08/2020,60370016,3,14,13,Glendora,1,100,34.14435,-117.85036
12/09/2020,60370016,3,26,24,Glendora,1,100,34.14435,-117.85036
12/10/2020,60370016,3,30,28,Glendora,1,100,34.14435,-117.85036
12/11/2020,60370016,3,36,33,Glendora,1,100,34.14435,-117.85036
12/12/2020,60370016,3,40,37,Glendora,1,100,34.14435,-117.85036
12/13/2020,60370016,3,26,24,Glendora,1,100,34.14435,-117.85036
12/14/2020,60370016,3,25,23,Glendora,1,100,34.14435,-117.85036
12/15/2020,60370016,3,15,14,Glendora,1,100,34.14435,-117.85036
12/16/2020,60370016,3,15,14,Glendora,1,100,34.14435,-117.85036
12/17/2020,60370016,3,20,19,Glendora,1,100,34.14435,-117.85036
12/18/2020,60370016,3,21,19,Glendora,1,100,34.14435,-117.85036
12/19/2020,60370016,3,11,10,Glendora,1,100,34.14435,-117.85036
12/20/2020,60370016,3,9,8,Glendora,1,100,34.14435,-117.85036
12/21/2020,60370016,3,12,11,Glendora,1,100,34.14435,-117.85036
12/22/2020,60370016,3,27,25,Glendora,1,100,34.14435,-117.85036
12/23/2020,60370016,3,29,27,Glendora,1,100,34.14435,-117.85036
12/24/2020,60370016,3,16,15,Glendora,1,100,34.14435,-117.85036
12/25/2020,60370016,3,9,8,Glendora,1,100,34.14435,-117.85036
12/26/2020,60370016,3,18,17,Glendora,1,100,34.14435,-117.85036
12/27/2020,60370016,3,23,21,Glendora,1,100,34.14435,-117.85036
12/28/2020,60370016,3,5,5,Glendora,1,100,34.14435,-117.85036
12/29/2020,60370016,3,7,6,Glendora,1,100,34.14435,-117.85036
12/30/2020,60370016,3,7,6,Glendora,1,100,34.14435,-117.85036
12/31/2020,60370016,3,12,11,Glendora,1,100,34.14435,-117.85036
01/04/2020,60371103,2,37,34,Los Angeles-North Main Street,1,100,34.06659,-118.22688
01/10/2020,60371103,2,27,25,Los Angeles-North Main Street,1,100,34.06659,-118.22688
01/16/2020,60371103,2,35,32,Los Angeles-North Main Street,1,100,34.06659,-118.22688
01/22/2020,60371103,2,26,24,Los Angeles-North Main Street,1,100,34.06659,-118.22688
01/28/2020,60371103,2,35,32,Los Angeles-North Main Street,1,100,34.06659,-118.22688
02/03/2020,60371103,2,28,26,Los Angeles-North Main Street,1,100,34.06659,-118.22688
02/09/2020,60371103,2,20,19,Los Angeles-North Main Street,1,100,34.06659,-118.22688
02/15/2020,60371103,2,37,34,Los Angeles-North Main Street,1,100,34.06659,-118.22688
02/21/2020,60371103,2,30,28,Los Angeles-North Main Street,1,100,34.06659,-118.22688
02/27/2020,60371103,2,31,29,Los Angeles-North Main Street,1,100,34.06659,-118.22688
03/04/2020,60371103,2,33,31,Los Angeles-North Main Street,1,100,34.06659,-118.22688
03/10/2020,60371103,2,8,7,Los Angeles-North Main Street,1,100,34.06659,-118.22688
03/16/2020,60371103,2,17,16,Los Angeles-North Main Street,1,100,34.06659,-118.22688
03/22/2020,60371103,2,7,6,Los Angeles-North Main Street,1,100,34.06659,-118.22688
07/02/2020,60371103,2,21,19,Los Angeles-North Main Street,1,100,34.06659,-118.22688
07/08/2020,60371103,2,34,31,Los Angeles-North Main Street,1,100,34.06659,-118.22688
07/14/2020,60371103,2,27,25,Los Angeles-North Main Street,1,100,34.06659,-118.22688
07/20/2020,60371103,2,19,18,Los Angeles-North Main Street,1,100,34.06659,-118.22688
07/26/2020,60371103,2,17,16,Los Angeles-North Main Street,1,100,34.06659,-118.22688
08/01/2020,60371103,2,34,31,Los Angeles-North Main Street,1,100,34.06659,-118.22688
08/07/2020,60371103,2,23,21,Los Angeles-North Main Street,1,100,34.06659,-118.22688
08/15/2020,60371103,2,32,30,Los Angeles-North Main Street,1,100,34.06659,-118.22688
08/19/2020,60371103,2,32,30,Los Angeles-North Main Street,1,100,34.06659,-118.22688
08/25/2020,60371103,2,22,20,Los Angeles-North Main Street,1,100,34.06659,-118.22688
08/31/2020,60371103,2,15,14,Los Angeles-North Main Street,1,100,34.06659,-118.22688
09/06/2020,60371103,2,33,31,Los Angeles-North Main Street,1,100,34.06659,-118.22688
09/12/2020,60371103,2,83,65,Los Angeles-North Main Street,1,100,34.06659,-118.22688
09/18/2020,60371103,2,53,49,Los Angeles-North Main Street,1,100,34.06659,-118.22688
09/24/2020,60371103,2,37,34,Los Angeles-North Main Street,1,100,34.06659,-118.22688
09/30/2020,60371103,2,43,40,Los Angeles-North Main Street,1,100,34.06659,-118.22688
10/06/2020,60371103,2,54,50,Los Angeles-North Main Street,1,100,34.06659,-118.22688
10/12/2020,60371103,2,32,30,Los Angeles-North Main Street,1,100,34.06659,-118.22688
10/18/2020,60371103,2,37,34,Los Angeles-North Main Street,1,100,34.06659,-118.22688
10/28/2020,60371103,2,54,50,Los Angeles-North Main Street,1,100,34.06659,-118.22688
10/30/2020,60371103,2,47,44,Los Angeles-North Main Street,1,100,34.06659,-118.22688
11/05/2020,60371103,2,43,40,Los Angeles-North Main Street,1,100,34.06659,-118.22688
11/11/2020,60371103,2,31,29,Los Angeles-North Main Street,1,100,34.06659,-118.22688
11/17/2020,60371103,2,41,38,Los Angeles-North Main Street,1,100,34.06659,-118.22688
11/23/2020,60371103,2,41,38,Los Angeles-North Main Street,1,100,34.06659,-118.22688
11/29/2020,60371103,2,26,24,Los Angeles-North Main Street,1,100,34.06659,-118.22688
12/05/2020,60371103,2,42,39,Los Angeles-North Main Street,1,100,34.06659,-118.22688
12/11/2020,60371103,2,35,32,Los Angeles-North Main Street,1,100,34.06659,-118.22688
12/17/2020,60371103,2,32,30,Los Angeles-North Main Street,1,100,34.06659,-118.22688
12/23/2020,60371103,2,48,44,Los Angeles-North Main Street,1,100,34.06659,-118.22688
12/29/2020,60371103,2,15,14,Los Angeles-North Main Street,1,100,34.06659,-118.22688
01/04/2020,60374004,2,38,35,Long Beach (South),1,100,33.79236,-118.17533
01/10/2020,60374004,2,15,14,Long Beach (South),1,100,33.79236,-118.17533
01/16/2020,60374004,2,31,29,Long Beach (South),1,100,33.79236,-118.17533
01/22/2020,60374004,2,19,18,Long Beach (South),1,100,33.79236,-118.17533
01/28/2020,60374004,2,29,27,Long Beach (South),1,100,33.79236,-118.17533
02/03/2020,60374004,2,25,23,Long Beach (South),1,100,33.79236,-118.17533
02/09/2020,60374004,2,13,12,Long Beach (South),1,100,33.79236,-118.17533
02/15/2020,60374004,2,24,22,Long Beach (South),1,100,33.79236,-118.17533
02/21/2020,60374004,2,30,28,Long Beach (South),1,100,33.79236,-118.17533
02/27/2020,60374004,2,34,31,Long Beach (South),1,100,33.79236,-118.17533
03/04/2020,60374004,2,28,26,Long Beach (South),1,100,33.79236,-118.17533
03/10/2020,60374004,2,7,6,Long Beach (South),1,100,33.79236,-118.17533
03/16/2020,60374004,2,8,7,Long Beach (South),1,100,33.79236,-118.17533
03/22/2020,60374004,2,5,5,Long Beach (South),1,100,33.79236,-118.17533
07/02/2020,60374004,2,16,15,Long Beach (South),1,100,33.79236,-118.17533
07/08/2020,60374004,2,23,21,Long Beach (South),1,100,33.79236,-118.17533
07/14/2020,60374004,2,17,16,Long Beach (South),1,100,33.79236,-118.17533
07/20/2020,60374004,2,14,13,Long Beach (South),1,100,33.79236,-118.17533
07/26/2020,60374004,2,17,16,Long Beach (South),1,100,33.79236,-118.17533
08/01/2020,60374004,2,22,20,Long Beach (South),1,100,33.79236,-118.17533
08/07/2020,60374004,2,18,17,Long Beach (South),1,100,33.79236,-118.17533
08/13/2020,60374004,2,17,16,Long Beach (South),1,100,33.79236,-118.17533
08/19/2020,60374004,2,19,18,Long Beach (South),1,100,33.79236,-118.17533
08/25/2020,60374004,2,16,15,Long Beach (South),1,100,33.79236,-118.17533
08/31/2020,60374004,2,13,12,Long Beach (South),1,100,33.79236,-118.17533
09/06/2020,60374004,2,36,33,Long Beach (South),1,100,33.79236,-118.17533
09/12/2020,60374004,2,68,57,Long Beach (South),1,100,33.79236,-118.17533
09/18/2020,60374004,2,45,42,Long Beach (South),1,100,33.79236,-118.17533
09/24/2020,60374004,2,15,14,Long Beach (South),1,100,33.79236,-118.17533
09/30/2020,60374004,2,37,34,Long Beach (South),1,100,33.79236,-118.17533
10/06/2020,60374004,2,37,34,Long Beach (South),1,100,33.79236,-118.17533
10/12/2020,60374004,2,27,25,Long Beach (South),1,100,33.79236,-118.17533
10/18/2020,60374004,2,25,23,Long Beach (South),1,100,33.79236,-118.17533
10/24/2020,60374004,2,16,15,Long Beach (South),1,100,33.79236,-118.17533
10/30/2020,60374004,2,33,31,Long Beach (South),1,100,33.79236,-118.17533
11/05/2020,60374004,2,59,53,Long Beach (South),1,100,33.79236,-118.17533
11/11/2020,60374004,2,26,24,Long Beach (South),1,100,33.79236,-118.17533
11/17/2020,60374004,2,31,29,Long Beach (South),1,100,33.79236,-118.17533
11/23/2020,60374004,2,25,23,Long Beach (South),1,100,33.79236,-118.17533
11/29/2020,60374004,2,34,31,Long Beach (South),1,100,33.79236,-118.17533
12/05/2020,60374004,2,45,42,Long Beach (South),1,100,33.79236,-118.17533
12/11/2020,60374004,2,32,30,Long Beach (South),1,100,33.79236,-118.17533
12/17/2020,60374004,2,33,31,Long Beach (South),1,100,33.79236,-118.17533
12/23/2020,60374004,2,51,47,Long Beach (South),1,100,33.79236,-118.17533
12/29/2020,60374004,2,18,17,Long Beach (South),1,100,33.79236,-118.17533
01/04/2020,60374006,1,43,40,Long Beach (Hudson),1,100,33.8025,-118.22
01/10/2020,60374006,1,28,26,Long Beach (Hudson),1,100,33.8025,-118.22
01/16/2020,60374006,1,39,36,Long Beach (Hudson),1,100,33.8025,-118.22
01/22/2020,60374006,1,25,23,Long Beach (Hudson),1,100,33.8025,-118.22
01/28/2020,60374006,1,54,50,Long Beach (Hudson),1,100,33.8025,-118.22
02/03/2020,60374006,1,61,54,Long Beach (Hudson),1,100,33.8025,-118.22
02/09/2020,60374006,1,15,14,Long Beach (Hudson),1,100,33.8025,-118.22
02/15/2020,60374006,1,25,23,Long Beach (Hudson),1,100,33.8025,-118.22
02/21/2020,60374006,1,38,35,Long Beach (Hudson),1,100,33.8025,-118.22
02/27/2020,60374006,1,53,49,Long Beach (Hudson),1,100,33.8025,-118.22
03/04/2020,60374006,1,31,29,Long Beach (Hudson),1,100,33.8025,-118.22
03/10/2020,60374006,1,8,7,Long Beach (Hudson),1,100,33.8025,-118.22
03/16/2020,60374006,1,11,10,Long Beach (Hudson),1,100,33.8025,-118.22
03/22/2020,60374006,1,6,6,Long Beach (Hudson),1,100,33.8025,-118.22
01/04/2020,60375005,1,26,24,LAX Hastings,1,100,33.95507,-118.43049
01/10/2020,60375005,1,14,13,LAX Hastings,1,100,33.95507,-118.43049
01/16/2020,60375005,1,27,25,LAX Hastings,1,100,33.95507,-118.43049
01/22/2020,60375005,1,19,18,LAX Hastings,1,100,33.95507,-118.43049
01/28/2020,60375005,1,15,14,LAX Hastings,1,100,33.95507,-118.43049
02/03/2020,60375005,1,18,17,LAX Hastings,1,100,33.95507,-118.43049
02/09/2020,60375005,1,14,13,LAX Hastings,1,100,33.95507,-118.43049
02/15/2020,60375005,1,28,26,LAX Hastings,1,100,33.95507,-118.43049
02/21/2020,60375005,1,24,22,LAX Hastings,1,100,33.95507,-118.43049
02/27/2020,60375005,1,21,19,LAX Hastings,1,100,33.95507,-118.43049
03/04/2020,60375005,1,26,24,LAX Hastings,1,100,33.95507,-118.43049
07/02/2020,60375005,1,42,39,LAX Hastings,1,100,33.95507,-118.43049
07/08/2020,60375005,1,20,19,LAX Hastings,1,100,33.95507,-118.43049
07/14/2020,60375005,1,16,15,LAX Hastings,1,100,33.95507,-118.43049
07/20/2020,60375005,1,11,10,LAX Hastings,1,100,33.95507,-118.43049
07/26/2020,60375005,1,11,10,LAX Hastings,1,100,33.95507,-118.43049
08/01/2020,60375005,1,19,18,LAX Hastings,1,100,33.95507,-118.43049
08/07/2020,60375005,1,14,13,LAX Hastings,1,100,33.95507,-118.43049
08/13/2020,60375005,1,11,10,LAX Hastings,1,100,33.95507,-118.43049
08/19/2020,60375005,1,20,19,LAX Hastings,1,100,33.95507,-118.43049
08/27/2020,60375005,1,25,23,LAX Hastings,1,100,33.95507,-118.43049
08/31/2020,60375005,1,6,6,LAX Hastings,1,100,33.95507,-118.43049
09/06/2020,60375005,1,43,40,LAX Hastings,1,100,33.95507,-118.43049
09/12/2020,60375005,1,55,51,LAX Hastings,1,100,33.95507,-118.43049
09/18/2020,60375005,1,38,35,LAX Hastings,1,100,33.95507,-118.43049
09/24/2020,60375005,1,12,11,LAX Hastings,1,100,33.95507,-118.43049
09/30/2020,60375005,1,33,31,LAX Hastings,1,100,33.95507,-118.43049
10/06/2020,60375005,1,30,28,LAX Hastings,1,100,33.95507,-118.43049
10/12/2020,60375005,1,21,19,LAX Hastings,1,100,33.95507,-118.43049
10/18/2020,60375005,1,25,23,LAX Hastings,1,100,33.95507,-118.43049
10/24/2020,60375005,1,14,13,LAX Hastings,1,100,33.95507,-118.43049
10/30/2020,60375005,1,41,38,LAX Hastings,1,100,33.95507,-118.43049
11/05/2020,60375005,1,31,29,LAX Hastings,1,100,33.95507,-118.43049
11/11/2020,60375005,1,23,21,LAX Hastings,1,100,33.95507,-118.43049
11/17/2020,60375005,1,17,16,LAX Hastings,1,100,33.95507,-118.43049
12/05/2020,60375005,1,27,25,LAX Hastings,1,100,33.95507,-118.43049
12/11/2020,60375005,1,26,24,LAX Hastings,1,100,33.95507,-118.43049
12/17/2020,60375005,1,27,25,LAX Hastings,1,100,33.95507,-118.43049
12/23/2020,60375005,1,39,36,LAX Hastings,1,100,33.95507,-118.43049
12/29/2020,60375005,1,8,7,LAX Hastings,1,100,33.95507,-118.43049
01/04/2020,60376012,1,10,9,Santa Clarita,1,100,34.38344,-118.5284
01/10/2020,60376012,1,7,6,Santa Clarita,1,100,34.38344,-118.5284
01/16/2020,60376012,1,17,16,Santa Clarita,1,100,34.38344,-118.5284
01/22/2020,60376012,1,7,6,Santa Clarita,1,100,34.38344,-118.5284
01/28/2020,60376012,1,7,6,Santa Clarita,1,100,34.38344,-118.5284
02/03/2020,60376012,1,8,7,Santa Clarita,1,100,34.38344,-118.5284
02/09/2020,60376012,1,30,28,Santa Clarita,1,100,34.38344,-118.5284
02/15/2020,60376012,1,21,19,Santa Clarita,1,100,34.38344,-118.5284
02/21/2020,60376012,1,21,19,Santa Clarita,1,100,34.38344,-118.5284
03/04/2020,60376012,1,25,23,Santa Clarita,1,100,34.38344,-118.5284
03/16/2020,60376012,1,6,6,Santa Clarita,1,100,34.38344,-118.5284
03/22/2020,60376012,1,4,4,Santa Clarita,1,100,34.38344,-118.5284
07/02/2020,60376012,1,20,19,Santa Clarita,1,100,34.38344,-118.5284
07/08/2020,60376012,1,31,29,Santa Clarita,1,100,34.38344,-118.5284
07/14/2020,60376012,1,27,25,Santa Clarita,1,100,34.38344,-118.5284
07/20/2020,60376012,1,25,23,Santa Clarita,1,100,34.38344,-118.5284
07/26/2020,60376012,1,18,17,Santa Clarita,1,100,34.38344,-118.5284
08/01/2020,60376012,1,32,30,Santa Clarita,1,100,34.38344,-118.5284
08/07/2020,60376012,1,24,22,Santa Clarita,1,100,34.38344,-118.5284
08/13/2020,60376012,1,28,26,Santa Clarita,1,100,34.38344,-118.5284
08/19/2020,60376012,1,46,43,Santa Clarita,1,100,34.38344,-118.5284
08/25/2020,60376012,1,20,19,Santa Clarita,1,100,34.38344,-118.5284
08/31/2020,60376012,1,24,22,Santa Clarita,1,100,34.38344,-118.5284
09/06/2020,60376012,1,30,28,Santa Clarita,1,100,34.38344,-118.5284
09/12/2020,60376012,1,67,57,Santa Clarita,1,100,34.38344,-118.5284
09/18/2020,60376012,1,41,38,Santa Clarita,1,100,34.38344,-118.5284
09/24/2020,60376012,1,48,44,Santa Clarita,1,100,34.38344,-118.5284
09/30/2020,60376012,1,39,36,Santa Clarita,1,100,34.38344,-118.5284
10/06/2020,60376012,1,46,43,Santa Clarita,1,100,34.38344,-118.5284
10/24/2020,60376012,1,16,15,Santa Clarita,1,100,34.38344,-118.5284
11/05/2020,60376012,1,27,25,Santa Clarita,1,100,34.38344,-118.5284
11/11/2020,60376012,1,19,18,Santa Clarita,1,100,34.38344,-118.5284
11/17/2020,60376012,1,23,21,Santa Clarita,1,100,34.38344,-118.5284
11/29/2020,60376012,1,13,12,Santa Clarita,1,100,34.38344,-118.5284
12/05/2020,60376012,1,17,16,Santa Clarita,1,100,34.38344,-118.5284
12/11/2020,60376012,1,32,30,Santa Clarita,1,100,34.38344,-118.5284
12/17/2020,60376012,1,18,17,Santa Clarita,1,100,34.38344,-118.5284
12/23/2020,60376012,1,35,32,Santa Clarita,1,100,34.38344,-118.5284
12/29/2020,60376012,1,5,5,Santa Clarita,1,100,34.38344,-118.5284
01/01/2020,60379033,2,12,11,Lancaster-Division Street,1,100,34.669739,-118.130511
01/02/2020,60379033,2,18,17,Lancaster-Division Street,1,100,34.669739,-118.130511
01/03/2020,60379033,2,24,22,Lancaster-Division Street,1,100,34.669739,-118.130511
01/04/2020,60379033,2,15,14,Lancaster-Division Street,1,100,34.669739,-118.130511
01/05/2020,60379033,2,12,11,Lancaster-Division Street,1,100,34.669739,-118.130511
01/06/2020,60379033,2,19,18,Lancaster-Division Street,1,100,34.669739,-118.130511
01/07/2020,60379033,2,27,25,Lancaster-Division Street,1,100,34.669739,-118.130511
01/08/2020,60379033,2,10,9,Lancaster-Division Street,1,100,34.669739,-118.130511
01/09/2020,60379033,2,6,6,Lancaster-Division Street,1,100,34.669739,-118.130511
01/10/2020,60379033,2,18,17,Lancaster-Division Street,1,100,34.669739,-118.130511
01/11/2020,60379033,2,14,13,Lancaster-Division Street,1,100,34.669739,-118.130511
01/12/2020,60379033,2,8,7,Lancaster-Division Street,1,100,34.669739,-118.130511
01/13/2020,60379033,2,12,11,Lancaster-Division Street,1,100,34.669739,-118.130511
01/14/2020,60379033,2,11,10,Lancaster-Division Street,1,100,34.669739,-118.130511
01/15/2020,60379033,2,21,19,Lancaster-Division Street,1,100,34.669739,-118.130511
01/16/2020,60379033,2,26,24,Lancaster-Division Street,1,100,34.669739,-118.130511
01/17/2020,60379033,2,5,5,Lancaster-Division Street,1,100,34.669739,-118.130511
01/18/2020,60379033,2,12,11,Lancaster-Division Street,1,100,34.669739,-118.130511
01/19/2020,60379033,2,17,16,Lancaster-Division Street,1,100,34.669739,-118.130511
01/20/2020,60379033,2,18,17,Lancaster-Division Street,1,100,34.669739,-118.130511
01/21/2020,60379033,2,9,8,Lancaster-Division Street,1,100,34.669739,-118.130511
01/22/2020,60379033,2,7,6,Lancaster-Division Street,1,100,34.669739,-118.130511
01/23/2020,60379033,2,18,17,Lancaster-Division Street,1,100,34.669739,-118.130511
01/24/2020,60379033,2,17,16,Lancaster-Division Street,1,100,34.669739,-118.130511
01/25/2020,60379033,2,12,11,Lancaster-Division Street,1,100,34.669739,-118.130511
01/26/2020,60379033,2,14,13,Lancaster-Division Street,1,100,34.669739,-118.130511
01/27/2020,60379033,2,7,6,Lancaster-Division Street,1,100,34.669739,-118.130511
01/28/2020,60379033,2,16,15,Lancaster-Division Street,1,100,34.669739,-118.130511
01/29/2020,60379033,2,38,35,Lancaster-Division Street,1,100,34.669739,-118.130511
01/30/2020,60379033,2,27,25,Lancaster-Division Street,1,100,34.669739,-118.130511
01/31/2020,60379033,2,23,21,Lancaster-Division Street,1,100,34.669739,-118.130511
02/01/2020,60379033,2,19,18,Lancaster-Division Street,1,100,34.669739,-118.130511
02/02/2020,60379033,2,35,32,Lancaster-Division Street,1,100,34.669739,-118.130511
02/03/2020,60379033,2,14,13,Lancaster-Division Street,1,100,34.669739,-118.130511
02/04/2020,60379033,2,21,19,Lancaster-Division Street,1,100,34.669739,-118.130511
02/05/2020,60379033,2,28,26,Lancaster-Division Street,1,100,34.669739,-118.130511
02/06/2020,60379033,2,32,30,Lancaster-Division Street,1,100,34.669739,-118.130511
02/07/2020,60379033,2,26,24,Lancaster-Division Street,1,100,34.669739,-118.130511
02/08/2020,60379033,2,21,19,Lancaster-Division Street,1,100,34.669739,-118.130511
02/09/2020,60379033,2,47,44,Lancaster-Division Street,1,100,34.669739,-118.130511
02/10/2020,60379033,2,33,31,Lancaster-Division Street,1,100,34.669739,-118.130511
02/11/2020,60379033,2,20,19,Lancaster-Division Street,1,100,34.669739,-118.130511
02/12/2020,60379033,2,25,23,Lancaster-Division Street,1,100,34.669739,-118.130511
02/13/2020,60379033,2,35,32,Lancaster-Division Street,1,100,34.669739,-118.130511
02/14/2020,60379033,2,35,32,Lancaster-Division Street,1,100,34.669739,-118.130511
02/15/2020,60379033,2,21,19,Lancaster-Division Street,1,100,34.669739,-118.130511
02/16/2020,60379033,2,15,14,Lancaster-Division Street,1,100,34.669739,-118.130511
02/17/2020,60379033,2,19,18,Lancaster-Division Street,1,100,34.669739,-118.130511
02/18/2020,60379033,2,28,26,Lancaster-Division Street,1,100,34.669739,-118.130511
02/19/2020,60379033,2,24,22,Lancaster-Division Street,1,100,34.669739,-118.130511
02/20/2020,60379033,2,24,22,Lancaster-Division Street,1,100,34.669739,-118.130511
02/21/2020,60379033,2,26,24,Lancaster-Division Street,1,100,34.669739,-118.130511
02/22/2020,60379033,2,13,12,Lancaster-Division Street,1,100,34.669739,-118.130511
02/23/2020,60379033,2,11,10,Lancaster-Division Street,1,100,34.669739,-118.130511
02/24/2020,60379033,2,14,13,Lancaster-Division Street,1,100,34.669739,-118.130511
02/25/2020,60379033,2,18,17,Lancaster-Division Street,1,100,34.669739,-118.130511
02/26/2020,60379033,2,18,17,Lancaster-Division Street,1,100,34.669739,-118.130511
02/27/2020,60379033,2,24,22,Lancaster-Division Street,1,100,34.669739,-118.130511
02/28/2020,60379033,2,25,23,Lancaster-Division Street,1,100,34.669739,-118.130511
02/29/2020,60379033,2,21,19,Lancaster-Division Street,1,100,34.669739,-118.130511
03/01/2020,60379033,2,13,12,Lancaster-Division Street,1,100,34.669739,-118.130511
03/02/2020,60379033,2,11,10,Lancaster-Division Street,1,100,34.669739,-118.130511
03/03/2020,60379033,2,15,14,Lancaster-Division Street,1,100,34.669739,-118.130511
03/04/2020,60379033,2,22,20,Lancaster-Division Street,1,100,34.669739,-118.130511
03/05/2020,60379033,2,25,23,Lancaster-Division Street,1,100,34.669739,-118.130511
03/06/2020,60379033,2,25,23,Lancaster-Division Street,1,100,34.669739,-118.130511
03/07/2020,60379033,2,16,15,Lancaster-Division Street,1,100,34.669739,-118.130511
03/08/2020,60379033,2,3,3,Lancaster-Division Street,1,100,34.669739,-118.130511
03/09/2020,60379033,2,7,6,Lancaster-Division Street,1,100,34.669739,-118.130511
03/10/2020,60379033,2,4,4,Lancaster-Division Street,1,100,34.669739,-118.130511
03/11/2020,60379033,2,7,6,Lancaster-Division Street,1,100,34.669739,-118.130511
03/12/2020,60379033,2,7,6,Lancaster-Division Street,1,100,34.669739,-118.130511
03/13/2020,60379033,2,1,1,Lancaster-Division Street,1,100,34.669739,-118.130511
03/14/2020,60379033,2,2,2,Lancaster-Division Street,1,100,34.669739,-118.130511
03/15/2020,60379033,2,4,4,Lancaster-Division Street,1,100,34.669739,-118.130511
03/16/2020,60379033,2,5,5,Lancaster-Division Street,1,100,34.669739,-118.130511
03/17/2020,60379033,2,2,2,Lancaster-Division Street,1,100,34.669739,-118.130511
03/18/2020,60379033,2,6,6,Lancaster-Division Street,1,100,34.669739,-118.130511
03/19/2020,60379033,2,4,4,Lancaster-Division Street,1,100,34.669739,-118.130511
03/20/2020,60379033,2,6,6,Lancaster-Division Street,1,100,34.669739,-118.130511
03/21/2020,60379033,2,4,4,Lancaster-Division Street,1,100,34.669739,-118.130511
03/22/2020,60379033,2,5,5,Lancaster-Division Street,1,100,34.669739,-118.130511
03/23/2020,60379033,2,2,2,Lancaster-Division Street,1,100,34.669739,-118.130511
03/24/2020,60379033,2,4,4,Lancaster-Division Street,1,100,34.669739,-118.130511
03/25/2020,60379033,2,2,2,Lancaster-Division Street,1,100,34.669739,-118.130511
03/26/2020,60379033,2,2,2,Lancaster-Division Street,1,100,34.669739,-118.130511
03/27/2020,60379033,2,5,5,Lancaster-Division Street,1,100,34.669739,-118.130511
03/28/2020,60379033,2,9,8,Lancaster-Division Street,1,100,34.669739,-118.130511
03/29/2020,60379033,2,7,6,Lancaster-Division Street,1,100,34.669739,-118.130511
03/30/2020,60379033,2,22,20,Lancaster-Division Street,1,100,34.669739,-118.130511
03/31/2020,60379033,2,15,14,Lancaster-Division Street,1,100,34.669739,-118.130511
04/01/2020,60379033,2,13,12,Lancaster-Division Street,1,100,34.669739,-118.130511
04/02/2020,60379033,2,13,12,Lancaster-Division Street,1,100,34.669739,-118.130511
04/03/2020,60379033,2,13,12,Lancaster-Division Street,1,100,34.669739,-118.130511
04/04/2020,60379033,2,22,20,Lancaster-Division Street,1,100,34.669739,-118.130511
04/05/2020,60379033,2,5,5,Lancaster-Division Street,1,100,34.669739,-118.130511
04/06/2020,60379033,2,0,0,Lancaster-Division Street,1,100,34.669739,-118.130511
04/07/2020,60379033,2,2,2,Lancaster-Division Street,1,100,34.669739,-118.130511
04/08/2020,60379033,2,1,1,Lancaster-Division Street,1,100,34.669739,-118.130511
04/09/2020,60379033,2,0,0,Lancaster-Division Street,1,100,34.669739,-118.130511
04/10/2020,60379033,2,0,0,Lancaster-Division Street,1,100,34.669739,-118.130511
04/11/2020,60379033,2,6,6,Lancaster-Division Street,1,100,34.669739,-118.130511
04/12/2020,60379033,2,5,5,Lancaster-Division Street,1,100,34.669739,-118.130511
04/13/2020,60379033,2,6,6,Lancaster-Division Street,1,100,34.669739,-118.130511
04/14/2020,60379033,2,13,12,Lancaster-Division Street,1,100,34.669739,-118.130511
04/15/2020,60379033,2,16,15,Lancaster-Division Street,1,100,34.669739,-118.130511
04/16/2020,60379033,2,16,15,Lancaster-Division Street,1,100,34.669739,-118.130511
04/17/2020,60379033,2,14,13,Lancaster-Division Street,1,100,34.669739,-118.130511
04/18/2020,60379033,2,8,7,Lancaster-Division Street,1,100,34.669739,-118.130511
04/19/2020,60379033,2,10,9,Lancaster-Division Street,1,100,34.669739,-118.130511
04/20/2020,60379033,2,12,11,Lancaster-Division Street,1,100,34.669739,-118.130511
04/21/2020,60379033,2,13,12,Lancaster-Division Street,1,100,34.669739,-118.130511
04/22/2020,60379033,2,21,19,Lancaster-Division Street,1,100,34.669739,-118.130511
04/23/2020,60379033,2,22,20,Lancaster-Division Street,1,100,34.669739,-118.130511
04/24/2020,60379033,2,22,20,Lancaster-Division Street,1,100,34.669739,-118.130511
04/25/2020,60379033,2,20,19,Lancaster-Division Street,1,100,34.669739,-118.130511
04/26/2020,60379033,2,19,18,Lancaster-Division Street,1,100,34.669739,-118.130511
04/27/2020,60379033,2,15,14,Lancaster-Division Street,1,100,34.669739,-118.130511
04/28/2020,60379033,2,28,26,Lancaster-Division Street,1,100,34.669739,-118.130511
04/29/2020,60379033,2,29,27,Lancaster-Division Street,1,100,34.669739,-118.130511
04/30/2020,60379033,2,31,29,Lancaster-Division Street,1,100,34.669739,-118.130511
05/01/2020,60379033,2,27,25,Lancaster-Division Street,1,100,34.669739,-118.130511
05/02/2020,60379033,2,22,20,Lancaster-Division Street,1,100,34.669739,-118.130511
05/03/2020,60379033,2,19,18,Lancaster-Division Street,1,100,34.669739,-118.130511
05/04/2020,60379033,2,21,19,Lancaster-Division Street,1,100,34.669739,-118.130511
05/05/2020,60379033,2,37,34,Lancaster-Division Street,1,100,34.669739,-118.130511
05/06/2020,60379033,2,25,23,Lancaster-Division Street,1,100,34.669739,-118.130511
05/07/2020,60379033,2,38,35,Lancaster-Division Street,1,100,34.669739,-118.130511
05/08/2020,60379033,2,37,34,Lancaster-Division Street,1,100,34.669739,-118.130511
05/09/2020,60379033,2,20,19,Lancaster-Division Street,1,100,34.669739,-118.130511
05/10/2020,60379033,2,18,17,Lancaster-Division Street,1,100,34.669739,-118.130511
05/11/2020,60379033,2,22,20,Lancaster-Division Street,1,100,34.669739,-118.130511
05/12/2020,60379033,2,19,18,Lancaster-Division Street,1,100,34.669739,-118.130511
05/13/2020,60379033,2,20,19,Lancaster-Division Street,1,100,34.669739,-118.130511
05/14/2020,60379033,2,30,28,Lancaster-Division Street,1,100,34.669739,-118.130511
05/15/2020,60379033,2,19,18,Lancaster-Division Street,1,100,34.669739,-118.130511
05/16/2020,60379033,2,25,23,Lancaster-Division Street,1,100,34.669739,-118.130511
05/17/2020,60379033,2,19,18,Lancaster-Division Street,1,100,34.669739,-118.130511
05/18/2020,60379033,2,6,6,Lancaster-Division Street,1,100,34.669739,-118.130511
05/19/2020,60379033,2,9,8,Lancaster-Division Street,1,100,34.669739,-118.130511
05/20/2020,60379033,2,10,9,Lancaster-Division Street,1,100,34.669739,-118.130511
05/21/2020,60379033,2,20,19,Lancaster-Division Street,1,100,34.669739,-118.130511
05/22/2020,60379033,2,26,24,Lancaster-Division Street,1,100,34.669739,-118.130511
05/23/2020,60379033,2,23,21,Lancaster-Division Street,1,100,34.669739,-118.130511
05/24/2020,60379033,2,19,18,Lancaster-Division Street,1,100,34.669739,-118.130511
05/25/2020,60379033,2,19,18,Lancaster-Division Street,1,100,34.669739,-118.130511
05/26/2020,60379033,2,37,34,Lancaster-Division Street,1,100,34.669739,-118.130511
05/27/2020,60379033,2,28,26,Lancaster-Division Street,1,100,34.669739,-118.130511
05/28/2020,60379033,2,34,31,Lancaster-Division Street,1,100,34.669739,-118.130511
05/29/2020,60379033,2,30,28,Lancaster-Division Street,1,100,34.669739,-118.130511
05/30/2020,60379033,2,14,13,Lancaster-Division Street,1,100,34.669739,-118.130511
05/31/2020,60379033,2,12,11,Lancaster-Division Street,1,100,34.669739,-118.130511
06/01/2020,60379033,2,17,16,Lancaster-Division Street,1,100,34.669739,-118.130511
06/02/2020,60379033,2,29,27,Lancaster-Division Street,1,100,34.669739,-118.130511
06/03/2020,60379033,2,28,26,Lancaster-Division Street,1,100,34.669739,-118.130511
06/04/2020,60379033,2,42,39,Lancaster-Division Street,1,100,34.669739,-118.130511
06/05/2020,60379033,2,33,31,Lancaster-Division Street,1,100,34.669739,-118.130511
06/06/2020,60379033,2,20,19,Lancaster-Division Street,1,100,34.669739,-118.130511
06/07/2020,60379033,2,35,32,Lancaster-Division Street,1,100,34.669739,-118.130511
06/08/2020,60379033,2,21,19,Lancaster-Division Street,1,100,34.669739,-118.130511
06/09/2020,60379033,2,27,25,Lancaster-Division Street,1,100,34.669739,-118.130511
06/10/2020,60379033,2,31,29,Lancaster-Division Street,1,100,34.669739,-118.130511
06/11/2020,60379033,2,38,35,Lancaster-Division Street,1,100,34.669739,-118.130511
06/12/2020,60379033,2,29,27,Lancaster-Division Street,1,100,34.669739,-118.130511
06/13/2020,60379033,2,27,25,Lancaster-Division Street,1,100,34.669739,-118.130511
06/14/2020,60379033,2,14,13,Lancaster-Division Street,1,100,34.669739,-118.130511
06/15/2020,60379033,2,21,19,Lancaster-Division Street,1,100,34.669739,-118.130511
06/16/2020,60379033,2,26,24,Lancaster-Division Street,1,100,34.669739,-118.130511
06/17/2020,60379033,2,28,26,Lancaster-Division Street,1,100,34.669739,-118.130511
06/18/2020,60379033,2,33,31,Lancaster-Division Street,1,100,34.669739,-118.130511
06/19/2020,60379033,2,33,31,Lancaster-Division Street,1,100,34.669739,-118.130511
06/20/2020,60379033,2,31,29,Lancaster-Division Street,1,100,34.669739,-118.130511
06/21/2020,60379033,2,22,20,Lancaster-Division Street,1,100,34.669739,-118.130511
06/22/2020,60379033,2,26,24,Lancaster-Division Street,1,100,34.669739,-118.130511
06/23/2020,60379033,2,29,27,Lancaster-Division Street,1,100,34.669739,-118.130511
06/24/2020,60379033,2,30,28,Lancaster-Division Street,1,100,34.669739,-118.130511
06/25/2020,60379033,2,25,23,Lancaster-Division Street,1,100,34.669739,-118.130511
06/26/2020,60379033,2,31,29,Lancaster-Division Street,1,100,34.669739,-118.130511
06/27/2020,60379033,2,33,31,Lancaster-Division Street,1,100,34.669739,-118.130511
06/28/2020,60379033,2,45,42,Lancaster-Division Street,1,100,34.669739,-118.130511
06/29/2020,60379033,2,16,15,Lancaster-Division Street,1,100,34.669739,-118.130511
06/30/2020,60379033,2,30,28,Lancaster-Division Street,1,100,34.669739,-118.130511
07/01/2020,60379033,2,35,32,Lancaster-Division Street,1,100,34.669739,-118.130511
07/07/2020,60379033,2,37,34,Lancaster-Division Street,1,100,34.669739,-118.130511
07/08/2020,60379033,2,26,24,Lancaster-Division Street,1,100,34.669739,-118.130511
07/09/2020,60379033,2,26,24,Lancaster-Division Street,1,100,34.669739,-118.130511
07/10/2020,60379033,2,31,29,Lancaster-Division Street,1,100,34.669739,-118.130511
07/11/2020,60379033,2,17,16,Lancaster-Division Street,1,100,34.669739,-118.130511
07/12/2020,60379033,2,23,21,Lancaster-Division Street,1,100,34.669739,-118.130511
07/13/2020,60379033,2,26,24,Lancaster-Division Street,1,100,34.669739,-118.130511
07/14/2020,60379033,2,23,21,Lancaster-Division Street,1,100,34.669739,-118.130511
07/15/2020,60379033,2,19,18,Lancaster-Division Street,1,100,34.669739,-118.130511
07/16/2020,60379033,2,27,25,Lancaster-Division Street,1,100,34.669739,-118.130511
07/17/2020,60379033,2,26,24,Lancaster-Division Street,1,100,34.669739,-118.130511
07/18/2020,60379033,2,17,16,Lancaster-Division Street,1,100,34.669739,-118.130511
07/19/2020,60379033,2,26,24,Lancaster-Division Street,1,100,34.669739,-118.130511
07/20/2020,60379033,2,33,31,Lancaster-Division Street,1,100,34.669739,-118.130511
07/21/2020,60379033,2,39,36,Lancaster-Division Street,1,100,34.669739,-118.130511
07/22/2020,60379033,2,22,20,Lancaster-Division Street,1,100,34.669739,-118.130511
07/23/2020,60379033,2,19,18,Lancaster-Division Street,1,100,34.669739,-118.130511
07/24/2020,60379033,2,34,31,Lancaster-Division Street,1,100,34.669739,-118.130511
07/25/2020,60379033,2,26,24,Lancaster-Division Street,1,100,34.669739,-118.130511
07/26/2020,60379033,2,20,19,Lancaster-Division Street,1,100,34.669739,-118.130511
07/27/2020,60379033,2,29,27,Lancaster-Division Street,1,100,34.669739,-118.130511
07/28/2020,60379033,2,36,33,Lancaster-Division Street,1,100,34.669739,-118.130511
07/29/2020,60379033,2,27,25,Lancaster-Division Street,1,100,34.669739,-118.130511
07/30/2020,60379033,2,28,26,Lancaster-Division Street,1,100,34.669739,-118.130511
07/31/2020,60379033,2,30,28,Lancaster-Division Street,1,100,34.669739,-118.130511
08/01/2020,60379033,2,35,32,Lancaster-Division Street,1,100,34.669739,-118.130511
08/02/2020,60379033,2,35,32,Lancaster-Division Street,1,100,34.669739,-118.130511
08/03/2020,60379033,2,32,30,Lancaster-Division Street,1,100,34.669739,-118.130511
08/04/2020,60379033,2,36,33,Lancaster-Division Street,1,100,34.669739,-118.130511
08/05/2020,60379033,2,30,28,Lancaster-Division Street,1,100,34.669739,-118.130511
08/06/2020,60379033,2,21,19,Lancaster-Division Street,1,100,34.669739,-118.130511
08/07/2020,60379033,2,30,28,Lancaster-Division Street,1,100,34.669739,-118.130511
08/08/2020,60379033,2,18,17,Lancaster-Division Street,1,100,34.669739,-118.130511
08/09/2020,60379033,2,18,17,Lancaster-Division Street,1,100,34.669739,-118.130511
08/10/2020,60379033,2,25,23,Lancaster-Division Street,1,100,34.669739,-118.130511
08/11/2020,60379033,2,22,20,Lancaster-Division Street,1,100,34.669739,-118.130511
08/12/2020,60379033,2,32,30,Lancaster-Division Street,1,100,34.669739,-118.130511
08/13/2020,60379033,2,60,53,Lancaster-Division Street,1,100,34.669739,-118.130511
08/14/2020,60379033,2,68,57,Lancaster-Division Street,1,100,34.669739,-118.130511
08/15/2020,60379033,2,63,55,Lancaster-Division Street,1,100,34.669739,-118.130511
08/16/2020,60379033,2,88,67,Lancaster-Division Street,1,100,34.669739,-118.130511
08/17/2020,60379033,2,75,61,Lancaster-Division Street,1,100,34.669739,-118.130511
08/18/2020,60379033,2,111,79,Lancaster-Division Street,1,100,34.669739,-118.130511
08/19/2020,60379033,2,87,67,Lancaster-Division Street,1,100,34.669739,-118.130511
08/25/2020,60379033,2,20,19,Lancaster-Division Street,1,100,34.669739,-118.130511
08/26/2020,60379033,2,21,19,Lancaster-Division Street,1,100,34.669739,-118.130511
08/27/2020,60379033,2,41,38,Lancaster-Division Street,1,100,34.669739,-118.130511
08/28/2020,60379033,2,28,26,Lancaster-Division Street,1,100,34.669739,-118.130511
08/29/2020,60379033,2,20,19,Lancaster-Division Street,1,100,34.669739,-118.130511
08/30/2020,60379033,2,19,18,Lancaster-Division Street,1,100,34.669739,-118.130511
08/31/2020,60379033,2,35,32,Lancaster-Division Street,1,100,34.669739,-118.130511
09/01/2020,60379033,2,30,28,Lancaster-Division Street,1,100,34.669739,-118.130511
09/02/2020,60379033,2,37,34,Lancaster-Division Street,1,100,34.669739,-118.130511
09/03/2020,60379033,2,66,56,Lancaster-Division Street,1,100,34.669739,-118.130511
09/04/2020,60379033,2,57,52,Lancaster-Division Street,1,100,34.669739,-118.130511
09/05/2020,60379033,2,40,37,Lancaster-Division Street,1,100,34.669739,-118.130511
09/06/2020,60379033,2,45,42,Lancaster-Division Street,1,100,34.669739,-118.130511
09/07/2020,60379033,2,121,84,Lancaster-Division Street,1,100,34.669739,-118.130511
09/08/2020,60379033,2,192,119,Lancaster-Division Street,1,100,34.669739,-118.130511
09/09/2020,60379033,2,38,35,Lancaster-Division Street,1,100,34.669739,-118.130511
09/10/2020,60379033,2,51,47,Lancaster-Division Street,1,100,34.669739,-118.130511
09/11/2020,60379033,2,54,50,Lancaster-Division Street,1,100,34.669739,-118.130511
09/12/2020,60379033,2,49,45,Lancaster-Division Street,1,100,34.669739,-118.130511
09/13/2020,60379033,2,59,53,Lancaster-Division Street,1,100,34.669739,-118.130511
09/14/2020,60379033,2,89,68,Lancaster-Division Street,1,100,34.669739,-118.130511
09/15/2020,60379033,2,87,67,Lancaster-Division Street,1,100,34.669739,-118.130511
09/16/2020,60379033,2,64,55,Lancaster-Division Street,1,100,34.669739,-118.130511
09/17/2020,60379033,2,61,54,Lancaster-Division Street,1,100,34.669739,-118.130511
09/18/2020,60379033,2,59,53,Lancaster-Division Street,1,100,34.669739,-118.130511
09/19/2020,60379033,2,50,46,Lancaster-Division Street,1,100,34.669739,-118.130511
09/20/2020,60379033,2,41,38,Lancaster-Division Street,1,100,34.669739,-118.130511
09/21/2020,60379033,2,52,48,Lancaster-Division Street,1,100,34.669739,-118.130511
09/22/2020,60379033,2,33,31,Lancaster-Division Street,1,100,34.669739,-118.130511
09/23/2020,60379033,2,70,58,Lancaster-Division Street,1,100,34.669739,-118.130511
09/24/2020,60379033,2,82,64,Lancaster-Division Street,1,100,34.669739,-118.130511
09/25/2020,60379033,2,49,45,Lancaster-Division Street,1,100,34.669739,-118.130511
09/26/2020,60379033,2,62,54,Lancaster-Division Street,1,100,34.669739,-118.130511
09/27/2020,60379033,2,53,49,Lancaster-Division Street,1,100,34.669739,-118.130511
09/28/2020,60379033,2,39,36,Lancaster-Division Street,1,100,34.669739,-118.130511
09/29/2020,60379033,2,39,36,Lancaster-Division Street,1,100,34.669739,-118.130511
09/30/2020,60379033,2,53,49,Lancaster-Division Street,1,100,34.669739,-118.130511
10/01/2020,60379033,2,59,53,Lancaster-Division Street,1,100,34.669739,-118.130511
10/02/2020,60379033,2,62,54,Lancaster-Division Street,1,100,34.669739,-118.130511
10/03/2020,60379033,2,77,62,Lancaster-Division Street,1,100,34.669739,-118.130511
10/04/2020,60379033,2,64,55,Lancaster-Division Street,1,100,34.669739,-118.130511
10/05/2020,60379033,2,59,53,Lancaster-Division Street,1,100,34.669739,-118.130511
10/06/2020,60379033,2,58,52,Lancaster-Division Street,1,100,34.669739,-118.130511
10/07/2020,60379033,2,49,45,Lancaster-Division Street,1,100,34.669739,-118.130511
10/08/2020,60379033,2,59,53,Lancaster-Division Street,1,100,34.669739,-118.130511
10/09/2020,60379033,2,46,43,Lancaster-Division Street,1,100,34.669739,-118.130511
10/10/2020,60379033,2,34,31,Lancaster-Division Street,1,100,34.669739,-118.130511
10/11/2020,60379033,2,41,38,Lancaster-Division Street,1,100,34.669739,-118.130511
10/12/2020,60379033,2,46,43,Lancaster-Division Street,1,100,34.669739,-118.130511
10/13/2020,60379033,2,41,38,Lancaster-Division Street,1,100,34.669739,-118.130511
10/14/2020,60379033,2,63,55,Lancaster-Division Street,1,100,34.669739,-118.130511
10/15/2020,60379033,2,58,52,Lancaster-Division Street,1,100,34.669739,-118.130511
10/16/2020,60379033,2,46,43,Lancaster-Division Street,1,100,34.669739,-118.130511
10/17/2020,60379033,2,39,36,Lancaster-Division Street,1,100,34.669739,-118.130511
10/18/2020,60379033,2,48,44,Lancaster-Division Street,1,100,34.669739,-118.130511
10/19/2020,60379033,2,49,45,Lancaster-Division Street,1,100,34.669739,-118.130511
10/20/2020,60379033,2,62,54,Lancaster-Division Street,1,100,34.669739,-118.130511
10/21/2020,60379033,2,52,48,Lancaster-Division Street,1,100,34.669739,-118.130511
10/22/2020,60379033,2,46,43,Lancaster-Division Street,1,100,34.669739,-118.130511
10/23/2020,60379033,2,46,43,Lancaster-Division Street,1,100,34.669739,-118.130511
10/24/2020,60379033,2,38,35,Lancaster-Division Street,1,100,34.669739,-118.130511
10/25/2020,60379033,2,45,42,Lancaster-Division Street,1,100,34.669739,-118.130511
10/26/2020,60379033,2,91,69,Lancaster-Division Street,1,100,34.669739,-118.130511
10/27/2020,60379033,2,40,37,Lancaster-Division Street,1,100,34.669739,-118.130511
10/28/2020,60379033,2,38,35,Lancaster-Division Street,1,100,34.669739,-118.130511
10/29/2020,60379033,2,41,38,Lancaster-Division Street,1,100,34.669739,-118.130511
10/30/2020,60379033,2,44,41,Lancaster-Division Street,1,100,34.669739,-118.130511
10/31/2020,60379033,2,39,36,Lancaster-Division Street,1,100,34.669739,-118.130511
11/01/2020,60379033,2,40,37,Lancaster-Division Street,1,100,34.669739,-118.130511
11/02/2020,60379033,2,49,45,Lancaster-Division Street,1,100,34.669739,-118.130511
11/03/2020,60379033,2,45,42,Lancaster-Division Street,1,100,34.669739,-118.130511
11/04/2020,60379033,2,71,59,Lancaster-Division Street,1,100,34.669739,-118.130511
11/05/2020,60379033,2,64,55,Lancaster-Division Street,1,100,34.669739,-118.130511
11/06/2020,60379033,2,73,60,Lancaster-Division Street,1,100,34.669739,-118.130511
11/07/2020,60379033,2,15,14,Lancaster-Division Street,1,100,34.669739,-118.130511
11/08/2020,60379033,2,10,9,Lancaster-Division Street,1,100,34.669739,-118.130511
11/09/2020,60379033,2,13,12,Lancaster-Division Street,1,100,34.669739,-118.130511
11/10/2020,60379033,2,22,20,Lancaster-Division Street,1,100,34.669739,-118.130511
11/11/2020,60379033,2,25,23,Lancaster-Division Street,1,100,34.669739,-118.130511
11/12/2020,60379033,2,33,31,Lancaster-Division Street,1,100,34.669739,-118.130511
11/13/2020,60379033,2,35,32,Lancaster-Division Street,1,100,34.669739,-118.130511
11/14/2020,60379033,2,28,26,Lancaster-Division Street,1,100,34.669739,-118.130511
11/15/2020,60379033,2,25,23,Lancaster-Division Street,1,100,34.669739,-118.130511
11/16/2020,60379033,2,34,31,Lancaster-Division Street,1,100,34.669739,-118.130511
11/17/2020,60379033,2,26,24,Lancaster-Division Street,1,100,34.669739,-118.130511
11/18/2020,60379033,2,14,13,Lancaster-Division Street,1,100,34.669739,-118.130511
11/19/2020,60379033,2,15,14,Lancaster-Division Street,1,100,34.669739,-118.130511
11/20/2020,60379033,2,37,34,Lancaster-Division Street,1,100,34.669739,-118.130511
11/21/2020,60379033,2,32,30,Lancaster-Division Street,1,100,34.669739,-118.130511
11/22/2020,60379033,2,25,23,Lancaster-Division Street,1,100,34.669739,-118.130511
11/23/2020,60379033,2,18,17,Lancaster-Division Street,1,100,34.669739,-118.130511
11/24/2020,60379033,2,32,30,Lancaster-Division Street,1,100,34.669739,-118.130511
11/25/2020,60379033,2,41,38,Lancaster-Division Street,1,100,34.669739,-118.130511
11/26/2020,60379033,2,28,26,Lancaster-Division Street,1,100,34.669739,-118.130511
11/27/2020,60379033,2,19,18,Lancaster-Division Street,1,100,34.669739,-118.130511
11/28/2020,60379033,2,30,28,Lancaster-Division Street,1,100,34.669739,-118.130511
11/29/2020,60379033,2,40,37,Lancaster-Division Street,1,100,34.669739,-118.130511
11/30/2020,60379033,2,36,33,Lancaster-Division Street,1,100,34.669739,-118.130511
12/01/2020,60379033,2,38,35,Lancaster-Division Street,1,100,34.669739,-118.130511
12/02/2020,60379033,2,32,30,Lancaster-Division Street,1,100,34.669739,-118.130511
12/03/2020,60379033,2,30,28,Lancaster-Division Street,1,100,34.669739,-118.130511
12/04/2020,60379033,2,41,38,Lancaster-Division Street,1,100,34.669739,-118.130511
12/05/2020,60379033,2,42,39,Lancaster-Division Street,1,100,34.669739,-118.130511
12/06/2020,60379033,2,47,44,Lancaster-Division Street,1,100,34.669739,-118.130511
12/07/2020,60379033,2,45,42,Lancaster-Division Street,1,100,34.669739,-118.130511
12/08/2020,60379033,2,36,33,Lancaster-Division Street,1,100,34.669739,-118.130511
12/09/2020,60379033,2,53,49,Lancaster-Division Street,1,100,34.669739,-118.130511
12/10/2020,60379033,2,48,44,Lancaster-Division Street,1,100,34.669739,-118.130511
12/11/2020,60379033,2,25,23,Lancaster-Division Street,1,100,34.669739,-118.130511
12/12/2020,60379033,2,34,31,Lancaster-Division Street,1,100,34.669739,-118.130511
12/13/2020,60379033,2,27,25,Lancaster-Division Street,1,100,34.669739,-118.130511
12/14/2020,60379033,2,15,14,Lancaster-Division Street,1,100,34.669739,-118.130511
12/15/2020,60379033,2,27,25,Lancaster-Division Street,1,100,34.669739,-118.130511
12/16/2020,60379033,2,37,34,Lancaster-Division Street,1,100,34.669739,-118.130511
12/17/2020,60379033,2,29,27,Lancaster-Division Street,1,100,34.669739,-118.130511
12/18/2020,60379033,2,24,22,Lancaster-Division Street,1,100,34.669739,-118.130511
12/19/2020,60379033,2,30,28,Lancaster-Division Street,1,100,34.669739,-118.130511
12/20/2020,60379033,2,34,31,Lancaster-Division Street,1,100,34.669739,-118.130511
12/21/2020,60379033,2,49,45,Lancaster-Division Street,1,100,34.669739,-118.130511
12/22/2020,60379033,2,27,25,Lancaster-Division Street,1,100,34.669739,-118.130511
12/23/2020,60379033,2,32,30,Lancaster-Division Street,1,100,34.669739,-118.130511
12/24/2020,60379033,2,30,28,Lancaster-Division Street,1,100,34.669739,-118.130511
12/25/2020,60379033,2,23,21,Lancaster-Division Street,1,100,34.669739,-118.130511
12/26/2020,60379033,2,12,11,Lancaster-Division Street,1,100,34.669739,-118.130511
12/27/2020,60379033,2,15,14,Lancaster-Division Street,1,100,34.669739,-118.130511
12/28/2020,60379033,2,9,8,Lancaster-Division Street,1,100,34.669739,-118.130511
12/29/2020,60379033,2,16,15,Lancaster-Division Street,1,100,34.669739,-118.130511
12/30/2020,60379033,2,19,18,Lancaster-Division Street,1,100,34.669739,-118.130511
12/31/2020,60379033,2,15,14,Lancaster-Division Street,1,100,34.669739,-118.130511
01/04/2020,60590007,1,37,34,Anaheim,1,100,33.83062,-117.93845
01/10/2020,60590007,1,21,19,Anaheim,1,100,33.83062,-117.93845
01/16/2020,60590007,1,35,32,Anaheim,1,100,33.83062,-117.93845
01/22/2020,60590007,1,20,19,Anaheim,1,100,33.83062,-117.93845
01/28/2020,60590007,1,37,34,Anaheim,1,100,33.83062,-117.93845
02/03/2020,60590007,1,42,39,Anaheim,1,100,33.83062,-117.93845
02/09/2020,60590007,1,12,11,Anaheim,1,100,33.83062,-117.93845
02/15/2020,60590007,1,29,27,Anaheim,1,100,33.83062,-117.93845
02/21/2020,60590007,1,27,25,Anaheim,1,100,33.83062,-117.93845
02/28/2020,60590007,1,24,22,Anaheim,1,100,33.83062,-117.93845
03/04/2020,60590007,1,28,26,Anaheim,1,100,33.83062,-117.93845
03/16/2020,60590007,1,9,8,Anaheim,1,100,33.83062,-117.93845
03/22/2020,60590007,1,5,5,Anaheim,1,100,33.83062,-117.93845
07/02/2020,60590007,1,17,16,Anaheim,1,100,33.83062,-117.93845
07/08/2020,60590007,1,26,24,Anaheim,1,100,33.83062,-117.93845
07/14/2020,60590007,1,22,20,Anaheim,1,100,33.83062,-117.93845
07/20/2020,60590007,1,16,15,Anaheim,1,100,33.83062,-117.93845
07/26/2020,60590007,1,19,18,Anaheim,1,100,33.83062,-117.93845
08/01/2020,60590007,1,25,23,Anaheim,1,100,33.83062,-117.93845
08/07/2020,60590007,1,20,19,Anaheim,1,100,33.83062,-117.93845
08/13/2020,60590007,1,26,24,Anaheim,1,100,33.83062,-117.93845
08/19/2020,60590007,1,27,25,Anaheim,1,100,33.83062,-117.93845
08/25/2020,60590007,1,19,18,Anaheim,1,100,33.83062,-117.93845
08/31/2020,60590007,1,18,17,Anaheim,1,100,33.83062,-117.93845
09/06/2020,60590007,1,44,41,Anaheim,1,100,33.83062,-117.93845
09/12/2020,60590007,1,74,60,Anaheim,1,100,33.83062,-117.93845
09/18/2020,60590007,1,43,40,Anaheim,1,100,33.83062,-117.93845
09/24/2020,60590007,1,21,19,Anaheim,1,100,33.83062,-117.93845
09/30/2020,60590007,1,48,44,Anaheim,1,100,33.83062,-117.93845
10/06/2020,60590007,1,57,52,Anaheim,1,100,33.83062,-117.93845
10/12/2020,60590007,1,37,34,Anaheim,1,100,33.83062,-117.93845
10/18/2020,60590007,1,27,25,Anaheim,1,100,33.83062,-117.93845
10/24/2020,60590007,1,18,17,Anaheim,1,100,33.83062,-117.93845
10/30/2020,60590007,1,54,50,Anaheim,1,100,33.83062,-117.93845
11/05/2020,60590007,1,68,57,Anaheim,1,100,33.83062,-117.93845
11/11/2020,60590007,1,24,22,Anaheim,1,100,33.83062,-117.93845
11/17/2020,60590007,1,34,31,Anaheim,1,100,33.83062,-117.93845
11/23/2020,60590007,1,24,22,Anaheim,1,100,33.83062,-117.93845
11/29/2020,60590007,1,35,32,Anaheim,1,100,33.83062,-117.93845
12/05/2020,60590007,1,43,40,Anaheim,1,100,33.83062,-117.93845
12/11/2020,60590007,1,35,32,Anaheim,1,100,33.83062,-117.93845
12/17/2020,60590007,1,30,28,Anaheim,1,100,33.83062,-117.93845
12/23/2020,60590007,1,56,51,Anaheim,1,100,33.83062,-117.93845
12/29/2020,60590007,1,15,14,Anaheim,1,100,33.83062,-117.93845
01/01/2020,60590007,3,23,21,Anaheim,1,100,33.83062,-117.93845
01/02/2020,60590007,3,27,25,Anaheim,1,100,33.83062,-117.93845
01/03/2020,60590007,3,32,30,Anaheim,1,100,33.83062,-117.93845
01/04/2020,60590007,3,37,34,Anaheim,1,100,33.83062,-117.93845
01/05/2020,60590007,3,38,35,Anaheim,1,100,33.83062,-117.93845
01/06/2020,60590007,3,20,19,Anaheim,1,100,33.83062,-117.93845
01/07/2020,60590007,3,17,16,Anaheim,1,100,33.83062,-117.93845
01/08/2020,60590007,3,24,22,Anaheim,1,100,33.83062,-117.93845
01/09/2020,60590007,3,20,19,Anaheim,1,100,33.83062,-117.93845
01/10/2020,60590007,3,19,18,Anaheim,1,100,33.83062,-117.93845
01/11/2020,60590007,3,21,19,Anaheim,1,100,33.83062,-117.93845
01/12/2020,60590007,3,21,19,Anaheim,1,100,33.83062,-117.93845
01/13/2020,60590007,3,25,23,Anaheim,1,100,33.83062,-117.93845
01/14/2020,60590007,3,38,35,Anaheim,1,100,33.83062,-117.93845
01/15/2020,60590007,3,51,47,Anaheim,1,100,33.83062,-117.93845
01/16/2020,60590007,3,36,33,Anaheim,1,100,33.83062,-117.93845
01/17/2020,60590007,3,10,9,Anaheim,1,100,33.83062,-117.93845
01/18/2020,60590007,3,24,22,Anaheim,1,100,33.83062,-117.93845
01/19/2020,60590007,3,25,23,Anaheim,1,100,33.83062,-117.93845
01/20/2020,60590007,3,22,20,Anaheim,1,100,33.83062,-117.93845
01/21/2020,60590007,3,11,10,Anaheim,1,100,33.83062,-117.93845
01/22/2020,60590007,3,20,19,Anaheim,1,100,33.83062,-117.93845
01/23/2020,60590007,3,33,31,Anaheim,1,100,33.83062,-117.93845
01/24/2020,60590007,3,28,26,Anaheim,1,100,33.83062,-117.93845
01/25/2020,60590007,3,37,34,Anaheim,1,100,33.83062,-117.93845
01/27/2020,60590007,3,38,35,Anaheim,1,100,33.83062,-117.93845
01/28/2020,60590007,3,34,31,Anaheim,1,100,33.83062,-117.93845
01/29/2020,60590007,3,34,31,Anaheim,1,100,33.83062,-117.93845
01/30/2020,60590007,3,39,36,Anaheim,1,100,33.83062,-117.93845
01/31/2020,60590007,3,31,29,Anaheim,1,100,33.83062,-117.93845
02/01/2020,60590007,3,31,29,Anaheim,1,100,33.83062,-117.93845
02/02/2020,60590007,3,22,20,Anaheim,1,100,33.83062,-117.93845
02/03/2020,60590007,3,38,35,Anaheim,1,100,33.83062,-117.93845
02/04/2020,60590007,3,39,36,Anaheim,1,100,33.83062,-117.93845
02/05/2020,60590007,3,27,25,Anaheim,1,100,33.83062,-117.93845
02/06/2020,60590007,3,28,26,Anaheim,1,100,33.83062,-117.93845
02/07/2020,60590007,3,36,33,Anaheim,1,100,33.83062,-117.93845
02/08/2020,60590007,3,35,32,Anaheim,1,100,33.83062,-117.93845
02/09/2020,60590007,3,14,13,Anaheim,1,100,33.83062,-117.93845
02/10/2020,60590007,3,21,19,Anaheim,1,100,33.83062,-117.93845
02/11/2020,60590007,3,37,34,Anaheim,1,100,33.83062,-117.93845
02/12/2020,60590007,3,37,34,Anaheim,1,100,33.83062,-117.93845
02/13/2020,60590007,3,42,39,Anaheim,1,100,33.83062,-117.93845
02/14/2020,60590007,3,41,38,Anaheim,1,100,33.83062,-117.93845
02/15/2020,60590007,3,31,29,Anaheim,1,100,33.83062,-117.93845
02/16/2020,60590007,3,29,27,Anaheim,1,100,33.83062,-117.93845
02/17/2020,60590007,3,33,31,Anaheim,1,100,33.83062,-117.93845
02/18/2020,60590007,3,30,28,Anaheim,1,100,33.83062,-117.93845
02/19/2020,60590007,3,30,28,Anaheim,1,100,33.83062,-117.93845
02/20/2020,60590007,3,40,37,Anaheim,1,100,33.83062,-117.93845
02/21/2020,60590007,3,30,28,Anaheim,1,100,33.83062,-117.93845
02/22/2020,60590007,3,11,10,Anaheim,1,100,33.83062,-117.93845
02/23/2020,60590007,3,23,21,Anaheim,1,100,33.83062,-117.93845
02/24/2020,60590007,3,32,30,Anaheim,1,100,33.83062,-117.93845
02/25/2020,60590007,3,36,33,Anaheim,1,100,33.83062,-117.93845
02/26/2020,60590007,3,28,26,Anaheim,1,100,33.83062,-117.93845
02/27/2020,60590007,3,28,26,Anaheim,1,100,33.83062,-117.93845
02/28/2020,60590007,3,20,19,Anaheim,1,100,33.83062,-117.93845
02/29/2020,60590007,3,19,18,Anaheim,1,100,33.83062,-117.93845
03/01/2020,60590007,3,17,16,Anaheim,1,100,33.83062,-117.93845
03/02/2020,60590007,3,19,18,Anaheim,1,100,33.83062,-117.93845
03/03/2020,60590007,3,22,20,Anaheim,1,100,33.83062,-117.93845
03/04/2020,60590007,3,30,28,Anaheim,1,100,33.83062,-117.93845
03/07/2020,60590007,3,4,4,Anaheim,1,100,33.83062,-117.93845
03/08/2020,60590007,3,5,5,Anaheim,1,100,33.83062,-117.93845
03/09/2020,60590007,3,13,12,Anaheim,1,100,33.83062,-117.93845
03/10/2020,60590007,3,3,3,Anaheim,1,100,33.83062,-117.93845
03/11/2020,60590007,3,7,6,Anaheim,1,100,33.83062,-117.93845
03/12/2020,60590007,3,11,10,Anaheim,1,100,33.83062,-117.93845
03/13/2020,60590007,3,3,3,Anaheim,1,100,33.83062,-117.93845
03/14/2020,60590007,3,5,5,Anaheim,1,100,33.83062,-117.93845
03/15/2020,60590007,3,5,5,Anaheim,1,100,33.83062,-117.93845
03/16/2020,60590007,3,7,6,Anaheim,1,100,33.83062,-117.93845
03/17/2020,60590007,3,7,6,Anaheim,1,100,33.83062,-117.93845
03/18/2020,60590007,3,14,13,Anaheim,1,100,33.83062,-117.93845
03/19/2020,60590007,3,6,6,Anaheim,1,100,33.83062,-117.93845
03/20/2020,60590007,3,7,6,Anaheim,1,100,33.83062,-117.93845
03/21/2020,60590007,3,6,6,Anaheim,1,100,33.83062,-117.93845
03/22/2020,60590007,3,4,4,Anaheim,1,100,33.83062,-117.93845
03/23/2020,60590007,3,5,5,Anaheim,1,100,33.83062,-117.93845
03/24/2020,60590007,3,7,6,Anaheim,1,100,33.83062,-117.93845
03/25/2020,60590007,3,5,5,Anaheim,1,100,33.83062,-117.93845
03/26/2020,60590007,3,8,7,Anaheim,1,100,33.83062,-117.93845
03/27/2020,60590007,3,12,11,Anaheim,1,100,33.83062,-117.93845
03/28/2020,60590007,3,12,11,Anaheim,1,100,33.83062,-117.93845
03/29/2020,60590007,3,14,13,Anaheim,1,100,33.83062,-117.93845
03/30/2020,60590007,3,17,16,Anaheim,1,100,33.83062,-117.93845
03/31/2020,60590007,3,23,21,Anaheim,1,100,33.83062,-117.93845
04/01/2020,60590007,3,15,14,Anaheim,1,100,33.83062,-117.93845
04/02/2020,60590007,3,20,19,Anaheim,1,100,33.83062,-117.93845
04/03/2020,60590007,3,24,22,Anaheim,1,100,33.83062,-117.93845
04/04/2020,60590007,3,21,19,Anaheim,1,100,33.83062,-117.93845
04/05/2020,60590007,3,6,6,Anaheim,1,100,33.83062,-117.93845
04/06/2020,60590007,3,0,0,Anaheim,1,100,33.83062,-117.93845
04/07/2020,60590007,3,4,4,Anaheim,1,100,33.83062,-117.93845
04/08/2020,60590007,3,4,4,Anaheim,1,100,33.83062,-117.93845
04/09/2020,60590007,3,2,2,Anaheim,1,100,33.83062,-117.93845
04/15/2020,60590007,3,20,19,Anaheim,1,100,33.83062,-117.93845
04/16/2020,60590007,3,23,21,Anaheim,1,100,33.83062,-117.93845
04/17/2020,60590007,3,11,10,Anaheim,1,100,33.83062,-117.93845
04/18/2020,60590007,3,12,11,Anaheim,1,100,33.83062,-117.93845
04/19/2020,60590007,3,12,11,Anaheim,1,100,33.83062,-117.93845
04/20/2020,60590007,3,18,17,Anaheim,1,100,33.83062,-117.93845
04/21/2020,60590007,3,22,20,Anaheim,1,100,33.83062,-117.93845
04/22/2020,60590007,3,31,29,Anaheim,1,100,33.83062,-117.93845
04/23/2020,60590007,3,32,30,Anaheim,1,100,33.83062,-117.93845
04/24/2020,60590007,3,31,29,Anaheim,1,100,33.83062,-117.93845
04/25/2020,60590007,3,20,19,Anaheim,1,100,33.83062,-117.93845
04/26/2020,60590007,3,10,9,Anaheim,1,100,33.83062,-117.93845
04/27/2020,60590007,3,15,14,Anaheim,1,100,33.83062,-117.93845
04/28/2020,60590007,3,22,20,Anaheim,1,100,33.83062,-117.93845
04/29/2020,60590007,3,20,19,Anaheim,1,100,33.83062,-117.93845
04/30/2020,60590007,3,17,16,Anaheim,1,100,33.83062,-117.93845
05/01/2020,60590007,3,19,18,Anaheim,1,100,33.83062,-117.93845
05/02/2020,60590007,3,23,21,Anaheim,1,100,33.83062,-117.93845
05/03/2020,60590007,3,21,19,Anaheim,1,100,33.83062,-117.93845
05/04/2020,60590007,3,27,25,Anaheim,1,100,33.83062,-117.93845
05/05/2020,60590007,3,34,31,Anaheim,1,100,33.83062,-117.93845
05/06/2020,60590007,3,38,35,Anaheim,1,100,33.83062,-117.93845
05/07/2020,60590007,3,32,30,Anaheim,1,100,33.83062,-117.93845
05/08/2020,60590007,3,30,28,Anaheim,1,100,33.83062,-117.93845
05/09/2020,60590007,3,27,25,Anaheim,1,100,33.83062,-117.93845
05/10/2020,60590007,3,19,18,Anaheim,1,100,33.83062,-117.93845
05/11/2020,60590007,3,18,17,Anaheim,1,100,33.83062,-117.93845
05/12/2020,60590007,3,10,9,Anaheim,1,100,33.83062,-117.93845
05/13/2020,60590007,3,13,12,Anaheim,1,100,33.83062,-117.93845
05/14/2020,60590007,3,19,18,Anaheim,1,100,33.83062,-117.93845
05/15/2020,60590007,3,22,20,Anaheim,1,100,33.83062,-117.93845
05/16/2020,60590007,3,24,22,Anaheim,1,100,33.83062,-117.93845
05/17/2020,60590007,3,16,15,Anaheim,1,100,33.83062,-117.93845
05/18/2020,60590007,3,3,3,Anaheim,1,100,33.83062,-117.93845
05/19/2020,60590007,3,15,14,Anaheim,1,100,33.83062,-117.93845
05/20/2020,60590007,3,18,17,Anaheim,1,100,33.83062,-117.93845
05/21/2020,60590007,3,24,22,Anaheim,1,100,33.83062,-117.93845
05/22/2020,60590007,3,22,20,Anaheim,1,100,33.83062,-117.93845
05/23/2020,60590007,3,24,22,Anaheim,1,100,33.83062,-117.93845
05/24/2020,60590007,3,28,26,Anaheim,1,100,33.83062,-117.93845
05/25/2020,60590007,3,27,25,Anaheim,1,100,33.83062,-117.93845
05/26/2020,60590007,3,27,25,Anaheim,1,100,33.83062,-117.93845
05/27/2020,60590007,3,14,13,Anaheim,1,100,33.83062,-117.93845
05/28/2020,60590007,3,8,7,Anaheim,1,100,33.83062,-117.93845
05/29/2020,60590007,3,2,2,Anaheim,1,100,33.83062,-117.93845
05/30/2020,60590007,3,8,7,Anaheim,1,100,33.83062,-117.93845
05/31/2020,60590007,3,10,9,Anaheim,1,100,33.83062,-117.93845
06/01/2020,60590007,3,19,18,Anaheim,1,100,33.83062,-117.93845
06/02/2020,60590007,3,22,20,Anaheim,1,100,33.83062,-117.93845
06/04/2020,60590007,3,14,13,Anaheim,1,100,33.83062,-117.93845
06/05/2020,60590007,3,9,8,Anaheim,1,100,33.83062,-117.93845
06/06/2020,60590007,3,12,11,Anaheim,1,100,33.83062,-117.93845
06/07/2020,60590007,3,21,19,Anaheim,1,100,33.83062,-117.93845
06/08/2020,60590007,3,39,36,Anaheim,1,100,33.83062,-117.93845
06/09/2020,60590007,3,18,17,Anaheim,1,100,33.83062,-117.93845
06/10/2020,60590007,3,30,28,Anaheim,1,100,33.83062,-117.93845
06/11/2020,60590007,3,24,22,Anaheim,1,100,33.83062,-117.93845
06/12/2020,60590007,3,15,14,Anaheim,1,100,33.83062,-117.93845
06/13/2020,60590007,3,15,14,Anaheim,1,100,33.83062,-117.93845
06/14/2020,60590007,3,18,17,Anaheim,1,100,33.83062,-117.93845
06/15/2020,60590007,3,15,14,Anaheim,1,100,33.83062,-117.93845
06/16/2020,60590007,3,13,12,Anaheim,1,100,33.83062,-117.93845
06/17/2020,60590007,3,12,11,Anaheim,1,100,33.83062,-117.93845
06/18/2020,60590007,3,15,14,Anaheim,1,100,33.83062,-117.93845
06/19/2020,60590007,3,18,17,Anaheim,1,100,33.83062,-117.93845
06/20/2020,60590007,3,19,18,Anaheim,1,100,33.83062,-117.93845
06/21/2020,60590007,3,16,15,Anaheim,1,100,33.83062,-117.93845
06/22/2020,60590007,3,11,10,Anaheim,1,100,33.83062,-117.93845
06/23/2020,60590007,3,12,11,Anaheim,1,100,33.83062,-117.93845
06/24/2020,60590007,3,13,12,Anaheim,1,100,33.83062,-117.93845
06/25/2020,60590007,3,8,7,Anaheim,1,100,33.83062,-117.93845
06/26/2020,60590007,3,13,12,Anaheim,1,100,33.83062,-117.93845
06/27/2020,60590007,3,7,6,Anaheim,1,100,33.83062,-117.93845
06/28/2020,60590007,3,1,1,Anaheim,1,100,33.83062,-117.93845
06/29/2020,60590007,3,6,6,Anaheim,1,100,33.83062,-117.93845
06/30/2020,60590007,3,21,19,Anaheim,1,100,33.83062,-117.93845
07/01/2020,60590007,3,12,11,Anaheim,1,100,33.83062,-117.93845
07/02/2020,60590007,3,14,13,Anaheim,1,100,33.83062,-117.93845
07/03/2020,60590007,3,24,22,Anaheim,1,100,33.83062,-117.93845
07/04/2020,60590007,3,67,57,Anaheim,1,100,33.83062,-117.93845
07/05/2020,60590007,3,29,27,Anaheim,1,100,33.83062,-117.93845
07/06/2020,60590007,3,23,21,Anaheim,1,100,33.83062,-117.93845
07/07/2020,60590007,3,27,25,Anaheim,1,100,33.83062,-117.93845
07/08/2020,60590007,3,25,23,Anaheim,1,100,33.83062,-117.93845
07/09/2020,60590007,3,23,21,Anaheim,1,100,33.83062,-117.93845
07/10/2020,60590007,3,25,23,Anaheim,1,100,33.83062,-117.93845
07/11/2020,60590007,3,23,21,Anaheim,1,100,33.83062,-117.93845
07/12/2020,60590007,3,16,15,Anaheim,1,100,33.83062,-117.93845
07/13/2020,60590007,3,23,21,Anaheim,1,100,33.83062,-117.93845
07/14/2020,60590007,3,17,16,Anaheim,1,100,33.83062,-117.93845
07/15/2020,60590007,3,13,12,Anaheim,1,100,33.83062,-117.93845
07/16/2020,60590007,3,13,12,Anaheim,1,100,33.83062,-117.93845
07/17/2020,60590007,3,12,11,Anaheim,1,100,33.83062,-117.93845
07/18/2020,60590007,3,9,8,Anaheim,1,100,33.83062,-117.93845
07/19/2020,60590007,3,11,10,Anaheim,1,100,33.83062,-117.93845
07/20/2020,60590007,3,12,11,Anaheim,1,100,33.83062,-117.93845
07/21/2020,60590007,3,16,15,Anaheim,1,100,33.83062,-117.93845
07/22/2020,60590007,3,12,11,Anaheim,1,100,33.83062,-117.93845
07/23/2020,60590007,3,7,6,Anaheim,1,100,33.83062,-117.93845
07/24/2020,60590007,3,8,7,Anaheim,1,100,33.83062,-117.93845
07/25/2020,60590007,3,12,11,Anaheim,1,100,33.83062,-117.93845
07/26/2020,60590007,3,19,18,Anaheim,1,100,33.83062,-117.93845
07/27/2020,60590007,3,19,18,Anaheim,1,100,33.83062,-117.93845
07/28/2020,60590007,3,16,15,Anaheim,1,100,33.83062,-117.93845
07/29/2020,60590007,3,19,18,Anaheim,1,100,33.83062,-117.93845
07/30/2020,60590007,3,21,19,Anaheim,1,100,33.83062,-117.93845
07/31/2020,60590007,3,27,25,Anaheim,1,100,33.83062,-117.93845
08/01/2020,60590007,3,23,21,Anaheim,1,100,33.83062,-117.93845
08/02/2020,60590007,3,12,11,Anaheim,1,100,33.83062,-117.93845
08/03/2020,60590007,3,17,16,Anaheim,1,100,33.83062,-117.93845
08/04/2020,60590007,3,14,13,Anaheim,1,100,33.83062,-117.93845
08/05/2020,60590007,3,14,13,Anaheim,1,100,33.83062,-117.93845
08/06/2020,60590007,3,15,14,Anaheim,1,100,33.83062,-117.93845
08/07/2020,60590007,3,19,18,Anaheim,1,100,33.83062,-117.93845
08/08/2020,60590007,3,26,24,Anaheim,1,100,33.83062,-117.93845
08/09/2020,60590007,3,18,17,Anaheim,1,100,33.83062,-117.93845
08/10/2020,60590007,3,19,18,Anaheim,1,100,33.83062,-117.93845
08/11/2020,60590007,3,18,17,Anaheim,1,100,33.83062,-117.93845
08/12/2020,60590007,3,21,19,Anaheim,1,100,33.83062,-117.93845
08/13/2020,60590007,3,22,20,Anaheim,1,100,33.83062,-117.93845
08/14/2020,60590007,3,16,15,Anaheim,1,100,33.83062,-117.93845
08/15/2020,60590007,3,25,23,Anaheim,1,100,33.83062,-117.93845
08/16/2020,60590007,3,18,17,Anaheim,1,100,33.83062,-117.93845
08/17/2020,60590007,3,21,19,Anaheim,1,100,33.83062,-117.93845
08/18/2020,60590007,3,26,24,Anaheim,1,100,33.83062,-117.93845
08/19/2020,60590007,3,20,19,Anaheim,1,100,33.83062,-117.93845
08/20/2020,60590007,3,19,18,Anaheim,1,100,33.83062,-117.93845
08/21/2020,60590007,3,25,23,Anaheim,1,100,33.83062,-117.93845
08/22/2020,60590007,3,26,24,Anaheim,1,100,33.83062,-117.93845
08/23/2020,60590007,3,21,19,Anaheim,1,100,33.83062,-117.93845
08/24/2020,60590007,3,19,18,Anaheim,1,100,33.83062,-117.93845
08/25/2020,60590007,3,15,14,Anaheim,1,100,33.83062,-117.93845
08/26/2020,60590007,3,15,14,Anaheim,1,100,33.83062,-117.93845
08/27/2020,60590007,3,33,31,Anaheim,1,100,33.83062,-117.93845
08/28/2020,60590007,3,24,22,Anaheim,1,100,33.83062,-117.93845
08/29/2020,60590007,3,17,16,Anaheim,1,100,33.83062,-117.93845
08/30/2020,60590007,3,16,15,Anaheim,1,100,33.83062,-117.93845
08/31/2020,60590007,3,13,12,Anaheim,1,100,33.83062,-117.93845
09/01/2020,60590007,3,17,16,Anaheim,1,100,33.83062,-117.93845
09/02/2020,60590007,3,21,19,Anaheim,1,100,33.83062,-117.93845
09/03/2020,60590007,3,26,24,Anaheim,1,100,33.83062,-117.93845
09/04/2020,60590007,3,35,32,Anaheim,1,100,33.83062,-117.93845
09/05/2020,60590007,3,43,40,Anaheim,1,100,33.83062,-117.93845
09/06/2020,60590007,3,40,37,Anaheim,1,100,33.83062,-117.93845
09/07/2020,60590007,3,26,24,Anaheim,1,100,33.83062,-117.93845
09/08/2020,60590007,3,21,19,Anaheim,1,100,33.83062,-117.93845
09/09/2020,60590007,3,41,38,Anaheim,1,100,33.83062,-117.93845
09/10/2020,60590007,3,51,47,Anaheim,1,100,33.83062,-117.93845
09/11/2020,60590007,3,69,58,Anaheim,1,100,33.83062,-117.93845
09/12/2020,60590007,3,76,61,Anaheim,1,100,33.83062,-117.93845
09/13/2020,60590007,3,65,56,Anaheim,1,100,33.83062,-117.93845
09/14/2020,60590007,3,81,64,Anaheim,1,100,33.83062,-117.93845
09/15/2020,60590007,3,76,61,Anaheim,1,100,33.83062,-117.93845
09/16/2020,60590007,3,56,51,Anaheim,1,100,33.83062,-117.93845
09/17/2020,60590007,3,38,35,Anaheim,1,100,33.83062,-117.93845
09/18/2020,60590007,3,39,36,Anaheim,1,100,33.83062,-117.93845
09/19/2020,60590007,3,27,25,Anaheim,1,100,33.83062,-117.93845
09/20/2020,60590007,3,21,19,Anaheim,1,100,33.83062,-117.93845
09/21/2020,60590007,3,23,21,Anaheim,1,100,33.83062,-117.93845
09/22/2020,60590007,3,27,25,Anaheim,1,100,33.83062,-117.93845
09/23/2020,60590007,3,25,23,Anaheim,1,100,33.83062,-117.93845
09/24/2020,60590007,3,19,18,Anaheim,1,100,33.83062,-117.93845
09/25/2020,60590007,3,22,20,Anaheim,1,100,33.83062,-117.93845
09/26/2020,60590007,3,21,19,Anaheim,1,100,33.83062,-117.93845
09/27/2020,60590007,3,19,18,Anaheim,1,100,33.83062,-117.93845
09/28/2020,60590007,3,31,29,Anaheim,1,100,33.83062,-117.93845
09/29/2020,60590007,3,31,29,Anaheim,1,100,33.83062,-117.93845
09/30/2020,60590007,3,42,39,Anaheim,1,100,33.83062,-117.93845
10/01/2020,60590007,3,42,39,Anaheim,1,100,33.83062,-117.93845
10/02/2020,60590007,3,46,43,Anaheim,1,100,33.83062,-117.93845
10/03/2020,60590007,3,43,40,Anaheim,1,100,33.83062,-117.93845
10/04/2020,60590007,3,58,52,Anaheim,1,100,33.83062,-117.93845
10/05/2020,60590007,3,68,57,Anaheim,1,100,33.83062,-117.93845
10/06/2020,60590007,3,59,53,Anaheim,1,100,33.83062,-117.93845
10/07/2020,60590007,3,30,28,Anaheim,1,100,33.83062,-117.93845
10/08/2020,60590007,3,25,23,Anaheim,1,100,33.83062,-117.93845
10/09/2020,60590007,3,26,24,Anaheim,1,100,33.83062,-117.93845
10/10/2020,60590007,3,16,15,Anaheim,1,100,33.83062,-117.93845
10/11/2020,60590007,3,13,12,Anaheim,1,100,33.83062,-117.93845
10/12/2020,60590007,3,33,31,Anaheim,1,100,33.83062,-117.93845
10/13/2020,60590007,3,38,35,Anaheim,1,100,33.83062,-117.93845
10/14/2020,60590007,3,39,36,Anaheim,1,100,33.83062,-117.93845
10/15/2020,60590007,3,41,38,Anaheim,1,100,33.83062,-117.93845
10/16/2020,60590007,3,29,27,Anaheim,1,100,33.83062,-117.93845
10/17/2020,60590007,3,26,24,Anaheim,1,100,33.83062,-117.93845
10/18/2020,60590007,3,26,24,Anaheim,1,100,33.83062,-117.93845
10/19/2020,60590007,3,25,23,Anaheim,1,100,33.83062,-117.93845
10/20/2020,60590007,3,24,22,Anaheim,1,100,33.83062,-117.93845
10/21/2020,60590007,3,27,25,Anaheim,1,100,33.83062,-117.93845
10/22/2020,60590007,3,17,16,Anaheim,1,100,33.83062,-117.93845
10/23/2020,60590007,3,20,19,Anaheim,1,100,33.83062,-117.93845
10/24/2020,60590007,3,17,16,Anaheim,1,100,33.83062,-117.93845
10/25/2020,60590007,3,10,9,Anaheim,1,100,33.83062,-117.93845
10/26/2020,60590007,3,295,171,Anaheim,1,100,33.83062,-117.93845
10/27/2020,60590007,3,120,83,Anaheim,1,100,33.83062,-117.93845
10/28/2020,60590007,3,78,62,Anaheim,1,100,33.83062,-117.93845
10/29/2020,60590007,3,63,55,Anaheim,1,100,33.83062,-117.93845
10/30/2020,60590007,3,56,51,Anaheim,1,100,33.83062,-117.93845
10/31/2020,60590007,3,38,35,Anaheim,1,100,33.83062,-117.93845
11/01/2020,60590007,3,37,34,Anaheim,1,100,33.83062,-117.93845
11/02/2020,60590007,3,21,19,Anaheim,1,100,33.83062,-117.93845
11/03/2020,60590007,3,29,27,Anaheim,1,100,33.83062,-117.93845
11/04/2020,60590007,3,50,46,Anaheim,1,100,33.83062,-117.93845
11/05/2020,60590007,3,65,56,Anaheim,1,100,33.83062,-117.93845
11/06/2020,60590007,3,31,29,Anaheim,1,100,33.83062,-117.93845
11/07/2020,60590007,3,13,12,Anaheim,1,100,33.83062,-117.93845
11/08/2020,60590007,3,23,21,Anaheim,1,100,33.83062,-117.93845
11/09/2020,60590007,3,18,17,Anaheim,1,100,33.83062,-117.93845
11/10/2020,60590007,3,22,20,Anaheim,1,100,33.83062,-117.93845
11/11/2020,60590007,3,21,19,Anaheim,1,100,33.83062,-117.93845
11/12/2020,60590007,3,29,27,Anaheim,1,100,33.83062,-117.93845
11/13/2020,60590007,3,29,27,Anaheim,1,100,33.83062,-117.93845
11/14/2020,60590007,3,30,28,Anaheim,1,100,33.83062,-117.93845
11/15/2020,60590007,3,27,25,Anaheim,1,100,33.83062,-117.93845
11/16/2020,60590007,3,27,25,Anaheim,1,100,33.83062,-117.93845
11/17/2020,60590007,3,30,28,Anaheim,1,100,33.83062,-117.93845
11/18/2020,60590007,3,16,15,Anaheim,1,100,33.83062,-117.93845
11/19/2020,60590007,3,25,23,Anaheim,1,100,33.83062,-117.93845
11/20/2020,60590007,3,41,38,Anaheim,1,100,33.83062,-117.93845
11/21/2020,60590007,3,49,45,Anaheim,1,100,33.83062,-117.93845
11/22/2020,60590007,3,29,27,Anaheim,1,100,33.83062,-117.93845
11/23/2020,60590007,3,21,19,Anaheim,1,100,33.83062,-117.93845
11/24/2020,60590007,3,36,33,Anaheim,1,100,33.83062,-117.93845
11/25/2020,60590007,3,38,35,Anaheim,1,100,33.83062,-117.93845
11/26/2020,60590007,3,73,60,Anaheim,1,100,33.83062,-117.93845
11/27/2020,60590007,3,49,45,Anaheim,1,100,33.83062,-117.93845
11/28/2020,60590007,3,21,19,Anaheim,1,100,33.83062,-117.93845
11/29/2020,60590007,3,31,29,Anaheim,1,100,33.83062,-117.93845
11/30/2020,60590007,3,49,45,Anaheim,1,100,33.83062,-117.93845
12/01/2020,60590007,3,46,43,Anaheim,1,100,33.83062,-117.93845
12/02/2020,60590007,3,72,59,Anaheim,1,100,33.83062,-117.93845
12/03/2020,60590007,3,75,61,Anaheim,1,100,33.83062,-117.93845
12/04/2020,60590007,3,35,32,Anaheim,1,100,33.83062,-117.93845
12/05/2020,60590007,3,43,40,Anaheim,1,100,33.83062,-117.93845
12/06/2020,60590007,3,46,43,Anaheim,1,100,33.83062,-117.93845
12/07/2020,60590007,3,59,53,Anaheim,1,100,33.83062,-117.93845
12/08/2020,60590007,3,29,27,Anaheim,1,100,33.83062,-117.93845
12/09/2020,60590007,3,34,31,Anaheim,1,100,33.83062,-117.93845
12/10/2020,60590007,3,33,31,Anaheim,1,100,33.83062,-117.93845
12/11/2020,60590007,3,36,33,Anaheim,1,100,33.83062,-117.93845
12/12/2020,60590007,3,32,30,Anaheim,1,100,33.83062,-117.93845
12/13/2020,60590007,3,38,35,Anaheim,1,100,33.83062,-117.93845
12/14/2020,60590007,3,28,26,Anaheim,1,100,33.83062,-117.93845
12/15/2020,60590007,3,28,26,Anaheim,1,100,33.83062,-117.93845
12/16/2020,60590007,3,28,26,Anaheim,1,100,33.83062,-117.93845
12/17/2020,60590007,3,29,27,Anaheim,1,100,33.83062,-117.93845
12/18/2020,60590007,3,26,24,Anaheim,1,100,33.83062,-117.93845
12/19/2020,60590007,3,22,20,Anaheim,1,100,33.83062,-117.93845
12/20/2020,60590007,3,30,28,Anaheim,1,100,33.83062,-117.93845
12/21/2020,60590007,3,32,30,Anaheim,1,100,33.83062,-117.93845
12/22/2020,60590007,3,32,30,Anaheim,1,100,33.83062,-117.93845
12/23/2020,60590007,3,57,52,Anaheim,1,100,33.83062,-117.93845
12/24/2020,60590007,3,36,33,Anaheim,1,100,33.83062,-117.93845
12/25/2020,60590007,3,21,19,Anaheim,1,100,33.83062,-117.93845
12/26/2020,60590007,3,24,22,Anaheim,1,100,33.83062,-117.93845
12/27/2020,60590007,3,14,13,Anaheim,1,100,33.83062,-117.93845
12/28/2020,60590007,3,3,3,Anaheim,1,100,33.83062,-117.93845
12/29/2020,60590007,3,15,14,Anaheim,1,100,33.83062,-117.93845
12/30/2020,60590007,3,20,19,Anaheim,1,100,33.83062,-117.93845
12/31/2020,60590007,3,34,31,Anaheim,1,100,33.83062,-117.93845
01/04/2020,60592022,1,14,13,Mission Viejo,1,100,33.63003,-117.67593
01/10/2020,60592022,1,11,10,Mission Viejo,1,100,33.63003,-117.67593
01/16/2020,60592022,1,22,20,Mission Viejo,1,100,33.63003,-117.67593
01/22/2020,60592022,1,9,8,Mission Viejo,1,100,33.63003,-117.67593
01/28/2020,60592022,1,15,14,Mission Viejo,1,100,33.63003,-117.67593
02/03/2020,60592022,1,22,20,Mission Viejo,1,100,33.63003,-117.67593
02/09/2020,60592022,1,8,7,Mission Viejo,1,100,33.63003,-117.67593
02/15/2020,60592022,1,19,18,Mission Viejo,1,100,33.63003,-117.67593
02/21/2020,60592022,1,14,13,Mission Viejo,1,100,33.63003,-117.67593
02/27/2020,60592022,1,12,11,Mission Viejo,1,100,33.63003,-117.67593
03/04/2020,60592022,1,20,19,Mission Viejo,1,100,33.63003,-117.67593
03/10/2020,60592022,1,3,3,Mission Viejo,1,100,33.63003,-117.67593
03/16/2020,60592022,1,7,6,Mission Viejo,1,100,33.63003,-117.67593
03/22/2020,60592022,1,3,3,Mission Viejo,1,100,33.63003,-117.67593
07/02/2020,60592022,1,11,10,Mission Viejo,1,100,33.63003,-117.67593
07/08/2020,60592022,1,24,22,Mission Viejo,1,100,33.63003,-117.67593
07/14/2020,60592022,1,19,18,Mission Viejo,1,100,33.63003,-117.67593
07/20/2020,60592022,1,13,12,Mission Viejo,1,100,33.63003,-117.67593
07/26/2020,60592022,1,17,16,Mission Viejo,1,100,33.63003,-117.67593
08/01/2020,60592022,1,17,16,Mission Viejo,1,100,33.63003,-117.67593
08/07/2020,60592022,1,13,12,Mission Viejo,1,100,33.63003,-117.67593
08/13/2020,60592022,1,18,17,Mission Viejo,1,100,33.63003,-117.67593
08/19/2020,60592022,1,20,19,Mission Viejo,1,100,33.63003,-117.67593
08/25/2020,60592022,1,18,17,Mission Viejo,1,100,33.63003,-117.67593
08/31/2020,60592022,1,13,12,Mission Viejo,1,100,33.63003,-117.67593
09/06/2020,60592022,1,25,23,Mission Viejo,1,100,33.63003,-117.67593
09/12/2020,60592022,1,56,51,Mission Viejo,1,100,33.63003,-117.67593
09/18/2020,60592022,1,32,30,Mission Viejo,1,100,33.63003,-117.67593
09/24/2020,60592022,1,18,17,Mission Viejo,1,100,33.63003,-117.67593
09/30/2020,60592022,1,26,24,Mission Viejo,1,100,33.63003,-117.67593
10/06/2020,60592022,1,53,49,Mission Viejo,1,100,33.63003,-117.67593
10/12/2020,60592022,1,24,22,Mission Viejo,1,100,33.63003,-117.67593
10/18/2020,60592022,1,22,20,Mission Viejo,1,100,33.63003,-117.67593
10/24/2020,60592022,1,13,12,Mission Viejo,1,100,33.63003,-117.67593
10/30/2020,60592022,1,26,24,Mission Viejo,1,100,33.63003,-117.67593
11/05/2020,60592022,1,26,24,Mission Viejo,1,100,33.63003,-117.67593
11/11/2020,60592022,1,12,11,Mission Viejo,1,100,33.63003,-117.67593
11/17/2020,60592022,1,13,12,Mission Viejo,1,100,33.63003,-117.67593
11/23/2020,60592022,1,15,14,Mission Viejo,1,100,33.63003,-117.67593
11/29/2020,60592022,1,17,16,Mission Viejo,1,100,33.63003,-117.67593
12/05/2020,60592022,1,16,15,Mission Viejo,1,100,33.63003,-117.67593
12/11/2020,60592022,1,17,16,Mission Viejo,1,100,33.63003,-117.67593
12/17/2020,60592022,1,11,10,Mission Viejo,1,100,33.63003,-117.67593
12/23/2020,60592022,1,22,20,Mission Viejo,1,100,33.63003,-117.67593
12/29/2020,60592022,1,4,4,Mission Viejo,1,100,33.63003,-117.67593
